{
  "184801": "鹏华前海",
  "169106": "东证创优",
  "501053": "东证目优",
  "501076": "科创基金",
  "501097": "科创国寿",
  "501073": "科创混合",
  "501070": "广发睿阳",
  "501202": "科创华泰",
  "501083": "科创银华",
  "501062": "南方瑞合",
  "160645": "鹏华回报",
  "501205": "鹏华创新",
  "501098": "科创建信",
  "501080": "科创中金",
  "501075": "科创主题",
  "501046": "财通福鑫",
  "160926": "创业大成",
  "501038": "银华明择",
  "166025": "中欧远见",
  "501095": "BOCI科创",
  "501081": "科创中欧",
  "501085": "科创财通",
  "501096": "科创国联",
  "501092": "交银瑞思",
  "169103": "东证睿轩",
  "161132": "易基科顺",
  "501200": "科创加银",
  "160143": "创业LOF",
  "506002": "易基科创",
  "169107": "东证恒阳",
  "160529": "创业博时",
  "501063": "添富悦享",
  "501206": "添富创新",
  "501079": "科创大成",
  "169102": "东证睿阳",
  "501093": "华夏翔阳",
  "501071": "泓德丰泽",
  "501099": "科创平安",
  "506001": "万家科创",
  "501082": "科创投资",
  "161729": "招商瑞利",
  "168207": "中融创业",
  "163418": "兴全合兴",
  "501065": "经典成长",
  "167508": "安信价值",
  "501049": "东证睿玺",
  "501088": "嘉实瑞虹",
  "506000": "科创板基",
  "501078": "科创配置",
  "161837": "银华大盘",
  "162720": "创业广发",
  "160526": "博时优势",
  "160325": "华夏创业",
  "501054": "东证睿泽",
  "501091": "嘉实瑞熙",
  "501203": "易基未来",
  "166027": "中欧创业",
  "161912": "社会责任",
  "501207": "华夏创新",
  "166024": "中欧恒利",
  "501087": "交银瑞丰",
  "160726": "嘉实瑞享",
  "161040": "创业富国",
  "501208": "中欧创新",
  "506006": "添富科创",
  "506005": "科创板BS",
  "160527": "研究优选",
  "161914": "万家创业",
  "501066": "东证恒元",
  "501201": "科创红土",
  "501077": "科创富国",
  "506003": "富国科创"
}