000858,五 粮 液
300555,路通视信
002832,比音勒芬
002415,海康威视
300422,博世科
300631,久吾高科
603339,四方冷链
002857,三晖电气
600011,华能国际
002717,岭南园林
600612,老凤祥
002236,大华股份
300180,华峰超纤
600339,*ST油工
002838,道恩股份
000568,泸州老窖
600153,建发股份
002726,龙大肉食
002712,思美传媒
300628,亿联网络
600892,大晟文化
603515,欧普照明
300633,开立医疗
002833,弘亚数控
300630,普利制药
603369,今世缘
600230,沧州大化
300588,熙菱信息
000807,云铝股份
300415,伊之密
002861,瀛通通讯
603803,瑞斯康达
002807,江阴银行
002843,泰嘉股份
002045,国光电器
000756,新华制药
300284,苏交科
000709,河钢股份
300053,欧比特
600727,鲁北化工
603399,新华龙
000998,隆平高科
000501,鄂武商Ａ
002773,康弘药业
600884,杉杉股份
601366,利群股份
002028,思源电气
601101,昊华能源
002759,天际股份
603639,海利尔
300138,晨光生物
300575,中旗股份
603986,兆易创新
600198,大唐电信
002174,游族网络
000900,现代投资
002182,云海金属
002449,国星光电
600529,山东药玻
600703,三安光电
300262,巴安水务
300636,同和药业
603208,江山欧派
300187,永清环保
002083,孚日股份
300570,太辰光
000049,德赛电池
000022,深赤湾Ａ
603668,天马科技
601336,新华保险
002672,东江环保
600377,宁沪高速
002827,高争民爆
002690,美亚光电
002034,美 欣 达
600176,中国巨石
300450,先导智能
300595,欧普康视
002635,安洁科技
300433,蓝思科技
002714,牧原股份
300626,华瑞股份
002601,龙蟒佰利
603787,新日股份
300263,隆华节能
300107,建新股份
600133,东湖高新
002494,华斯股份
002542,中化岩土
002866,传艺科技
002867,周大生
002282,博深工具
600291,西水股份
603050,科林电气
603616,韩建河山
000856,冀东装备
300648,星云股份
300554,三超新材
603797,联泰环保
603920,世运电路
300075,数字政通
600908,无锡银行
002158,汉钟精机
002307,北新路桥
603232,格尔软件
603081,大丰实业
300137,先河环保
603139,康惠制药
603096,新经典
600874,创业环保
600354,敦煌种业
300117,嘉寓股份
300642,透景生命
300407,凯发电气
300334,津膜科技
300604,长川科技
002858,力盛赛车
000158,常山股份
300157,恒泰艾普
600095,哈高科
300640,德艺文创
300645,正元智慧
002863,今飞凯达
600155,宝硕股份
002865,钧达股份
300514,友讯达
300255,常山药业
600475,华光股份
000401,冀东水泥
601008,连云港
601231,环旭电子
600160,巨化股份
000605,渤海股份
000923,河北宣工
002761,多喜爱
603969,银龙股份
002457,青龙管业
603165,荣晟环保
002342,巨力索具
600579,天华院
300428,四通新材
600690,青岛海尔
600480,凌云股份
600210,紫江企业
600828,茂业商业
002032,苏 泊 尔
000811,烟台冰轮
600681,百川能源
000615,京汉股份
300113,顺网科技
002617,露笑科技
600303,曙光股份
600463,空港股份
603881,数据港
600533,栖霞建设
002035,华帝股份
300629,新劲刚
002127,南极电商
300571,平治信息
600197,伊力特
600326,西藏天路
600135,乐凯胶片
300061,康耐特
603058,永吉股份
002109,兴化股份
300038,梅泰诺
300445,康斯特
601388,怡球资源
002460,赣锋锂业
300522,世名科技
603989,艾华集团
002472,双环传动
300328,宜安科技
002240,威华股份
000656,金科股份
000600,建投能源
300081,恒信移动
300174,元力股份
300619,金银河
600007,中国国贸
002543,万和电气
000333,美的集团
600008,首创股份
000852,石化机械
601000,唐山港
002573,清新环境
002084,海鸥卫浴
002027,分众传媒
603338,浙江鼎力
600167,联美控股
000958,东方能源
600338,西藏珠峰
002322,理工环科
603966,法兰泰克
000778,新兴铸管
000925,众合科技
300070,碧水源
603603,博天环境
600993,马应龙
002094,青岛金王
601100,恒立液压
600075,新疆天业
002661,克明面业
000582,北部湾港
002146,荣盛发展
002774,快意电梯
000584,友利控股
002011,盾安环境
002347,泰尔股份
601996,丰林集团
600340,华夏幸福
300172,中电环保
002658,雪迪龙
600132,重庆啤酒
603798,康普顿
002365,永安药业
002048,宁波华翔
601111,中国国航
002245,澳洋顺昌
002036,联创电子
002496,辉丰股份
600306,商业城
002126,银轮股份
002597,金禾实业
300156,神雾环保
000513,丽珠集团
300545,联得装备
002384,东山精密
600438,通威股份
002101,广东鸿图
000710,*ST天仪
000530,大冷股份
000786,北新建材
002508,老板电器
603160,汇顶科技
600781,辅仁药业
000818,方大化工
600629,华建集团
600706,曲江文旅
601128,常熟银行
002090,金智科技
000507,珠海港
300638,广和通
300577,开润股份
300184,力源信息
603826,坤彩科技
000803,*ST金宇
600009,上海机场
000652,泰达股份
600265,ST景谷
002148,北纬通信
600696,*ST匹凸
603556,海兴电力
600539,狮头股份
300298,三诺生物
002847,盐津铺子
000525,红 太 阳
000016,深康佳Ａ
603899,晨光文具
601238,广汽集团
300323,华灿光电
300441,鲍斯股份
300332,天壕环境
002859,洁美科技
600900,长江电力
300627,华测导航
002136,安 纳 达
603041,美思德
600033,福建高速
603323,吴江银行
300534,陇神戎发
600693,东百集团
600297,广汇汽车
300064,豫金刚石
600436,片仔癀
600885,宏发股份
002677,浙江美大
002145,中核钛白
603808,歌力思
600409,三友化工
300288,朗玛信息
002358,森源电气
603868,飞科电器
002648,卫星石化
002811,亚泰国际
002233,塔牌集团
300144,宋城演艺
300492,山鼎设计
002002,鸿达兴业
000090,天健集团
600729,重庆百货
603416,信捷电气
002356,赫美集团
600758,红阳能源
002396,星网锐捷
000028,国药一致
300152,科融环境
000411,英特集团
002845,同兴达
600536,中国软件
000661,长春高新
000429,粤高速Ａ
000968,*ST煤气
600323,瀚蓝环境
300327,中颖电子
600426,华鲁恒升
603818,曲美家居
600572,康恩贝
300567,精测电子
002410,广联达
600180,瑞茂通
300258,精锻科技
002354,天神娱乐
603638,艾迪精密
603559,中通国脉
603398,邦宝益智
603345,安井食品
603268,松发股份
603199,九华旅游
603108,润达医疗
601069,西部黄金
601012,隆基股份
600834,申通地铁
600671,天目药业
600657,信达地产
600643,爱建集团
600609,金杯汽车
600581,*ST八钢
600547,山东黄金
600490,鹏欣资源
600481,双良节能
600462,九有股份
600432,*ST吉恩
600375,华菱星马
600277,亿利洁能
600273,嘉化能源
600165,新日恒力
600139,西部资源
600136,当代明诚
600086,东方金钰
300612,宣亚国际
300547,川环科技
300543,朗科智能
300510,金冠电气
300478,杭州高新
300472,新元科技
300463,迈克生物
300462,华铭智能
300440,运达科技
300423,鲁亿通
300364,中文在线
300309,吉艾科技
300268,万福生科
300235,方直科技
300209,天泽信息
300192,科斯伍德
300109,新开源
300025,华星创业
002787,华源控股
002699,美盛文化
002676,顺威股份
002642,荣之联
002625,龙生股份
002600,江粉磁材
002547,春兴精工
002513,蓝丰生化
002507,涪陵榨菜
002499,科林环保
002486,嘉麟杰
002427,尤夫股份
002417,三元达
002280,联络互动
002255,海陆重工
002252,上海莱士
002175,东方网络
002134,*ST普林
002076,雪 莱 特
002072,凯瑞德
002049,紫光国芯
000979,中弘股份
000950,*ST建峰
000862,银星能源
000828,东莞控股
600196,复星医药
603239,浙江仙通
300408,三环集团
600535,天士力
600566,济川药业
002570,贝因美
600185,格力地产
600684,珠江实业
600460,士兰微
600854,春兰股份
600201,生物股份
603186,华正新材
002382,蓝帆医疗
300052,中青宝
002509,天广中茂
603179,新泉股份
300519,新光药业
600511,国药股份
000069,华侨城Ａ
300596,利安隆
002643,万润股份
002475,立讯精密
600036,招商银行
603203,快克股份
300009,安科生物
603027,千禾味业
300030,阳普医疗
300494,盛天网络
300206,理邦仪器
002583,海能达
600518,康美药业
002456,欧菲光
000903,云内动力
002044,美年健康
000063,中兴通讯
603888,新华网
600867,通化东宝
603007,花王股份
601901,方正证券
002054,德美化工
601628,中国人寿
300170,汉得信息
603900,通灵珠宝
300136,信维通信
603538,美诺华
002411,必康股份
002007,华兰生物
603040,新坐标
300461,田中精机
300533,冰川网络
300197,铁汉生态
002125,湘潭电化
300122,智飞生物
002185,华天科技
600179,安通控股
600622,嘉宝集团
002768,国恩股份
300337,银邦股份
002681,奋达科技
600055,万东医疗
603738,泰晶科技
002015,霞客环保
002821,凯莱英
600479,千金药业
600298,安琪酵母
600211,西藏药业
603626,科森科技
601566,九牧王
603883,老百姓
002311,海大集团
300004,南风股份
300396,迪瑞医疗
600816,安信信托
000554,泰山石油
000830,鲁西化工
002862,实丰文化
002512,达华智能
300031,宝通科技
600687,刚泰控股
002831,裕同科技
600121,*ST郑煤
603078,江化微
000629,*ST钒钛
000613,*ST东海A
000611,*ST天首
000581,威孚高科
000040,东旭蓝天
000034,神州数码
000032,深桑达Ａ
000011,深物业A
601799,星宇股份
002837,英维克
000913,*ST钱江
603222,济民制药
300289,利德曼
600104,上汽集团
002091,江苏国泰
600715,文投控股
000651,格力电器
300145,中金环境
600809,山西汾酒
002321,华英农业
300068,南都电源
600352,浙江龙盛
300202,聚龙股份
002840,华统股份
300484,蓝海华腾
600202,哈空调
603228,景旺电子
601318,中国平安
603997,继峰股份
000681,视觉中国
002103,广博股份
601588,北辰实业
600325,华发股份
603077,和邦生物
601139,深圳燃气
600674,川投能源
002835,同为股份
300637,扬帆新材
603579,荣泰健康
300607,拓斯达
002462,嘉事堂
600056,中国医药
600219,南山铝业
603658,安图生物
300085,银之杰
603298,杭叉集团
300632,光莆股份
600619,海立股份
000598,兴蓉环境
600519,贵州茅台
603355,莱克电气
000606,神州易桥
600742,一汽富维
601985,中国核电
601601,中国太保
603633,徕木股份
000504,*ST生物
603178,圣龙股份
002043,兔 宝 宝
002450,康得新
002567,唐人神
002451,摩恩电气
000880,潍柴重机
603660,苏州科达
002327,富安娜
002860,星帅尔
300373,扬杰科技
601288,农业银行
002517,恺英网络
600388,龙净环保
603368,柳州医药
002657,中科金财
600837,海通证券
600161,天坛生物
300641,正丹股份
002530,丰东股份
002846,英联股份
300357,我武生物
603313,梦百合
002802,洪汇新材
000910,大亚圣象
002680,长生生物
300153,科泰电源
300087,荃银高科
300015,爱尔眼科
603360,百傲化学
600390,*ST金瑞
002614,蒙发利
300444,双杰电气
300411,金盾股份
600446,金证股份
300639,凯普生物
300133,华策影视
600452,涪陵电力
603903,中持股份
603133,碳元科技
601933,永辉超市
600004,白云机场
002178,延华智能
002008,大族激光
603385,惠达卫浴
601992,金隅股份
603898,好莱客
300418,昆仑万维
600872,中炬高新
600290,华仪电气
603958,哈森股份
600550,保变电气
300115,长盈精密
300036,超图软件
300267,尔康制药
000990,诚志股份
000823,超声电子
000692,惠天热电
300560,中富通
603126,中材节能
600704,物产中大
000036,华联控股
000725,京东方Ａ
002359,齐星铁塔
000418,小天鹅Ａ
002262,恩华药业
002615,哈尔斯
601088,中国神华
603788,宁波高发
600062,华润双鹤
600020,中原高速
600717,天津港
603337,杰克股份
603288,海天味业
000736,中房地产
000404,华意压缩
300055,万邦达
601258,庞大集团
300124,汇川技术
300021,大禹节水
300003,乐普医疗
600477,杭萧钢构
601006,大秦铁路
002466,天齐锂业
002223,鱼跃医疗
000915,山大华特
600319,亚星化学
002763,汇洁股份
000965,天保基建
002254,泰和新材
002705,新宝股份
002016,世荣兆业
000897,津滨发展
600188,兖州煤业
300347,泰格医药
002434,万里扬
300279,和晶科技
000999,华润三九
300176,鸿特精密
601607,上海医药
600507,方大特钢
603717,天域生态
002497,雅化集团
300635,达安股份
300335,迪森股份
002302,西部建设
002584,西陇科学
300585,奥联电子
603968,醋化股份
000050,深天马Ａ
601669,中国电建
002624,完美世界
600755,厦门国贸
002555,三七互娱
601228,广州港
000997,新 大 陆
600526,菲达环保
603939,益丰药房
600516,方大炭素
603906,龙蟠科技
002294,信立泰
002775,文科园林
002745,木林森
000068,华控赛格
002050,三花智控
002765,蓝黛传动
300233,金城医药
601018,宁波港
603037,凯众股份
603032,德新交运
000088,盐 田 港
000822,山东海化
600421,仰帆控股
000566,海南海药
600079,人福医药
603006,联明股份
