600767,*ST运盛
600112,天成控股
002312,三泰控股
000693,ST华泽
000809,铁岭新城
600767,*ST运盛
600112,天成控股
600877,中国嘉陵
600540,新赛股份
600747,大连控股
601519,大智慧
600432,*ST吉恩
000629,*ST钒钛
000526,*ST紫学
000410,沈阳机床
000982,中银绒业
000410,沈阳机床
600815,厦工股份
600815,厦工股份
000803,*ST金宇
000803,*ST金宇
000950,*ST建峰
000780,平庄能源
000950,*ST建峰
300397,天和防务
600225,*ST松江
300313,天山生物
600403,*ST大有
600425,*ST青松
002248,华东数控
000953,*ST河化
000710,*ST天仪
002490,*ST墨龙
002571,德力股份
600806,*ST昆机
600847,万里股份
601005,*ST重钢
000932,华菱钢铁
600636,*ST爱富
600733,S*ST前锋
000595,*ST宝实
000972,*ST中基
