,code,name,industry,area,pe,outstanding,totals,totalAssets,liquidAssets,fixedAssets,reserved,reservedPerShare,esp,bvps,pb,timeToMarket,undp,perundp,rev,profit,gpr,npr,holders,Drop_Down
2949,300508,维宏股份,软件服务,上海,125.79,0.12,0.57,45146.43,31655.1,12593.21,20013.46,3.52,0.68,7.56,13.79,20160419,15298.5,2.69,0.0,0.0,69.91,33.82,12198,-68.07
2904,300520,科大国创,软件服务,安徽,135.86,0.23,0.96,103386.15,92502.43,3890.8,42200.87,4.39,0.72,5.49,14.66,20160708,17597.71,1.83,46.45,28.08,36.88,9.58,19394,-64.22
2885,300505,川金诺,化工原料,云南,100.31,0.38,0.93,78615.05,43911.57,21036.0,27733.4,2.97,0.51,6.49,9.66,20160315,20715.13,2.22,0.0,0.0,36.4,8.84,16734,-62.28
2866,300516,久之洋,电器仪表,湖北,170.67,0.3,1.2,117839.25,99404.25,8376.42,62806.51,5.23,0.5,8.98,11.01,20160602,29507.89,2.46,0.0,0.0,46.84,22.2,29803,-59.55
2172,603777,来伊份,其他商业,上海,104.97,0.6,2.4,246923.05,161823.56,51366.69,98918.18,4.12,0.334,10.1,4.63,20161012,55648.3,2.32,0.0,0.0,45.87,3.43,52930,-59.24
3037,300551,古鳌科技,专用机械,上海,219.98,0.18,0.73,45062.06,38999.87,4841.93,4448.41,0.61,0.28,3.93,15.71,20161018,17176.26,2.34,0.0,0.0,48.25,9.73,33390,-59.19
219,300523,辰安科技,软件服务,北京,1251.11,0.2,0.8,113403.46,79125.65,12515.62,46765.45,5.85,0.08,9.01,11.66,20160726,16338.07,2.04,0.0,0.0,53.73,2.27,16589,-58.31
2269,300513,恒泰实达,软件服务,北京,1260.4,0.19,0.76,60794.36,58297.01,437.55,26995.9,3.54,0.06,6.66,12.39,20160530,14516.32,1.91,0.0,0.0,28.59,2.1,16936,-57.97
2776,300529,健帆生物,医疗保健,广东,93.29,0.42,4.17,121834.07,92711.68,25518.67,37572.43,0.9,0.37,2.72,15.28,20160802,26611.11,0.64,0.0,0.0,84.23,37.28,36265,-57.54
3045,300556,丝路视觉,软件服务,深圳,385.46,0.28,1.11,44482.48,37599.78,2426.98,9697.51,0.87,0.105,3.37,15.97,20161104,9011.55,0.81,0.0,0.0,41.02,4.26,24270,-56.95
2359,300512,中亚股份,专用机械,浙江,53.2,0.68,2.7,194594.97,163627.8,10065.26,56840.71,2.11,0.51,4.8,6.55,20160526,40554.32,1.5,0.0,0.0,49.04,25.15,30460,-56.56
670,300506,名家汇,建筑施工,深圳,176.93,1.32,3.0,78306.06,63093.8,2270.63,2594.49,0.09,0.18,1.8,21.45,20160324,19462.72,0.65,26.64,55.18,54.3,22.67,43965,-56.5
76,002799,环球印务,广告包装,陕西,243.96,0.25,1.0,67480.75,32298.55,25291.92,14834.09,1.48,0.2,5.06,10.67,20160608,23176.38,2.32,0.0,0.0,21.83,5.98,21730,-56.49
1483,002800,天顺股份,仓储物流,新疆,141.96,0.19,0.75,59389.07,47115.71,2874.24,15270.51,2.04,0.39,5.37,11.71,20160530,16415.95,2.2,0.0,0.0,14.36,6.62,17798,-56.41
3042,300509,新美星,专用机械,江苏,89.77,0.2,0.8,108469.77,92189.36,10381.88,30648.3,3.83,0.54,6.97,8.19,20160425,15515.98,1.94,0.0,0.0,35.79,11.06,15875,-56.07
1920,300525,博思软件,软件服务,福建,335.7,0.17,0.68,43026.0,28658.9,11987.0,19457.65,2.86,0.22,5.81,13.91,20160726,12234.75,1.8,0.0,0.0,68.74,15.13,17081,-55.69
1219,002813,路畅科技,汽车配件,深圳,111.97,0.3,1.2,122260.4,74255.15,36769.68,20449.9,1.7,0.321,5.51,8.7,20161012,30396.1,2.53,0.0,0.0,32.18,6.99,53295,-55.12
2875,300501,海顺新材,广告包装,上海,70.23,0.19,0.53,68389.3,48522.28,7828.56,31960.15,5.99,1.26,10.73,7.92,20160204,18196.46,3.41,2.48,9.93,38.69,21.44,10931,-54.92
1050,603131,上海沪工,专用机械,上海,85.29,0.25,1.0,72460.63,58311.81,12478.6,27212.6,2.72,0.6,6.03,9.5,20160607,20584.07,2.06,0.0,0.0,32.3,13.64,22160,-54.69
2670,300515,三德科技,电器仪表,湖南,199.01,0.25,1.0,50614.5,38889.07,6206.0,20991.76,2.1,0.27,4.36,13.95,20160608,11079.17,1.11,0.0,0.0,55.81,17.04,20404,-54.67
2797,300511,雪榕生物,种植业,上海,61.66,0.38,1.5,246058.22,40637.0,119615.63,63254.61,4.22,0.76,8.55,5.04,20160504,45743.82,3.05,-1.99,-15.03,23.07,10.49,22756,-54.64
2785,002818,富森美,房产服务,四川,42.61,0.44,4.4,412626.25,37845.37,32293.06,11014.32,0.25,0.982,6.86,8.13,20161109,210679.84,4.79,0.0,0.0,70.78,46.86,39310,-54.61
1375,603189,网达软件,软件服务,上海,287.07,0.55,2.21,77051.49,65511.26,811.62,37120.5,1.68,0.12,3.32,10.42,20160914,12281.57,0.56,0.0,0.0,48.98,15.48,46791,-54.58
3035,603159,上海亚虹,专用机械,上海,162.51,0.25,1.0,48808.34,32324.77,11875.71,12207.2,1.22,0.35,3.66,16.11,20160812,13179.45,1.32,0.0,0.0,22.54,8.27,17989,-54.48
2409,603016,新宏泰,电气设备,江苏,89.2,0.37,1.48,92116.24,71647.63,11197.19,27593.13,1.86,0.4,5.39,7.29,20160701,33594.65,2.27,0.0,0.0,42.68,17.24,22589,-54.44
3051,300555,路通视信,通信设备,江苏,86.65,0.2,0.8,53344.86,43758.18,565.17,2844.84,0.36,0.66,3.81,15.01,20161018,19565.47,2.45,0.0,0.0,33.27,14.57,15800,-54.4
712,002796,世嘉科技,专用机械,江苏,99.11,0.2,0.8,59674.78,45961.76,10132.37,26651.01,3.33,0.51,5.91,9.87,20160510,10449.91,1.31,0.0,0.0,20.31,9.81,18888,-54.38
2814,300517,海波重科,建筑施工,湖北,128.32,0.26,1.02,92680.96,72106.86,9006.17,26467.35,2.58,0.33,5.64,8.13,20160719,18793.3,1.84,0.0,0.0,25.04,10.4,21116,-54.12
2794,300550,和仁科技,软件服务,浙江,114.0,0.2,0.8,40646.25,25825.73,456.6,3297.9,0.41,0.59,3.12,21.44,20161018,14393.51,1.8,0.0,0.0,55.2,22.23,36413,-53.93
465,300503,昊志机电,机械基件,广东,85.24,0.41,1.01,79759.57,55597.03,14440.85,26535.01,2.62,0.59,6.76,8.92,20160309,28132.51,2.77,0.0,0.0,51.93,20.75,16000,-53.91
2713,603031,安德利,百货,安徽,109.61,0.2,0.8,133752.61,49569.3,56756.71,24486.02,3.06,0.389,7.13,7.97,20160822,24092.53,3.01,0.0,0.0,19.9,2.75,26792,-53.52
2740,300528,幸福蓝海,影视音像,江苏,96.17,0.78,3.11,234861.16,172488.88,31433.81,92206.99,2.97,0.3,5.82,5.2,20160808,54043.43,1.74,0.0,0.0,49.32,7.41,44838,-53.47
2921,603090,宏盛股份,专用机械,江苏,117.06,0.25,1.0,51796.98,39616.19,4238.75,22229.05,2.22,0.48,4.53,10.29,20160831,11340.46,1.13,-2.99,8.11,36.07,17.33,16552,-53.37
3152,300552,万集科技,软件服务,北京,83.04,0.27,1.07,109133.65,97039.65,9645.17,34414.45,3.23,0.82,6.97,7.74,20161021,26186.4,2.45,24.19,8.46,38.95,10.91,22068,-52.97
1523,300474,景嘉微,元器件,湖南,111.65,0.67,2.67,94483.13,77633.25,935.82,23074.8,0.86,0.36,3.2,15.83,20160331,31249.95,1.17,0.0,0.0,80.51,41.82,27524,-52.96
2017,300507,苏奥传感,汽车配件,江苏,76.96,0.17,0.67,94635.75,80256.88,11219.75,35759.0,5.36,1.58,11.8,9.42,20160429,32622.48,4.89,22.5,23.61,30.87,16.74,13443,-52.86
2909,300542,新晨科技,软件服务,北京,349.84,0.23,0.9,66465.36,55537.65,1341.29,19925.65,2.21,0.14,5.97,8.39,20160920,21511.26,2.39,0.0,0.0,23.99,3.6,39985,-52.76
2712,300530,达志科技,化工原料,广东,97.2,0.18,0.7,49126.8,40455.3,1428.5,20093.0,2.87,0.62,6.65,9.37,20160809,17726.5,2.53,0.0,0.0,50.63,35.44,13225,-52.59
2270,300531,优博讯,软件服务,深圳,182.29,0.2,0.8,59338.19,57618.88,587.3,22743.67,2.84,0.6,6.62,17.11,20160809,21307.4,2.66,0.0,0.0,39.36,17.58,19300,-52.36
2868,300519,新光药业,中成药,浙江,55.39,0.2,0.8,64645.26,51864.84,4133.12,23949.85,2.99,1.27,7.56,10.33,20160624,24817.1,3.1,0.0,0.0,65.61,36.77,15768,-52.34
1769,603843,正平股份,建筑施工,青海,122.33,1.0,4.0,362505.78,317068.63,13703.69,37006.23,0.93,0.16,2.99,6.75,20160905,35363.65,0.88,0.0,0.0,10.11,2.95,53735,-52.25
3070,002825,纳尔股份,化工原料,上海,89.78,0.25,1.0,46835.26,27741.95,14853.76,1918.71,0.19,0.488,4.53,12.88,20161129,21985.81,2.2,0.28,6.09,24.83,12.26,46122,-52.16
2911,603701,德宏股份,汽车配件,浙江,63.61,0.2,0.78,71448.77,45610.23,12527.15,26002.59,3.32,0.75,6.77,8.36,20160412,16716.75,2.13,-2.47,18.58,34.83,17.09,14011,-51.87
3131,300533,冰川网络,软件服务,深圳,70.53,0.25,1.0,171503.59,169206.73,776.64,87977.78,8.8,1.48,14.49,7.49,20160818,43149.96,4.31,0.0,0.0,91.98,40.27,28435,-51.87
2709,603339,四方冷链,专用机械,江苏,65.8,0.52,2.07,147819.31,128272.38,11410.98,48264.26,2.33,0.46,6.11,5.71,20160519,54815.28,2.65,0.0,0.0,31.26,17.48,34368,-51.69
312,603528,多伦科技,软件服务,江苏,44.51,0.52,2.07,185322.75,163770.31,13272.24,37208.1,1.8,1.33,6.29,11.16,20160503,64043.2,3.1,0.0,0.0,63.01,38.92,28456,-51.17
2878,300502,新易盛,通信设备,四川,70.06,0.41,0.78,116733.67,90909.3,19657.99,45654.96,5.88,1.13,12.51,7.75,20160303,39962.93,5.15,0.0,0.0,27.33,15.8,14890,-51.13
3006,300532,今天国际,软件服务,深圳,110.38,0.21,0.84,115785.9,100176.71,1768.9,35853.7,4.27,0.57,8.51,7.65,20160818,24180.82,2.88,0.0,0.0,39.79,14.38,19537,-51.12
2627,300548,博创科技,元器件,浙江,92.06,0.21,0.83,60985.95,50723.57,6990.81,22474.92,2.72,0.84,6.52,11.82,20161012,20486.2,2.48,0.0,0.0,38.51,22.61,38864,-51.09
2335,300499,高澜股份,专用机械,广东,144.44,0.67,1.2,101317.65,76697.11,12882.19,21531.49,1.79,0.2,4.67,7.92,20160202,20656.67,1.72,44.77,22.13,38.47,7.03,13113,-51.08
2825,603028,赛福天,钢加工,江苏,137.16,0.55,2.21,87517.55,46303.96,23265.92,19095.5,0.86,0.15,3.05,8.0,20160331,24371.38,1.1,0.0,0.0,25.38,7.74,30860,-50.7
2714,603421,鼎信通讯,通信设备,山东,61.05,0.43,4.33,203748.47,155399.31,12327.0,53400.91,1.23,0.52,4.22,9.03,20161011,74775.96,1.73,0.0,0.0,62.47,22.94,41404,-50.55
2070,300546,雄帝科技,元器件,深圳,133.02,0.13,0.53,67227.56,62856.9,1003.75,23485.13,4.4,0.81,10.3,10.45,20160928,23670.38,4.44,0.0,0.0,53.64,18.65,24373,-50.35
114,002798,帝王洁具,家居用品,四川,160.63,0.22,0.86,62282.3,46155.55,12196.42,22951.57,2.66,0.35,6.49,9.8,20160525,21621.95,2.5,0.0,0.0,31.33,9.24,17136,-50.24
2855,603067,振华股份,化工原料,湖北,65.01,0.55,2.2,128130.22,68429.88,53390.41,41171.1,1.87,0.44,4.73,6.09,20160913,36643.67,1.67,0.0,0.0,31.16,11.67,34084,-50.14
2203,601127,小康股份,汽车配件,重庆,44.44,1.43,8.93,1983568.25,1271282.88,308728.06,108531.47,1.22,0.63,4.31,5.93,20160615,169538.31,1.9,53.42,37.91,19.34,3.17,65041,-50.13
454,603667,五洲新春,机械基件,浙江,80.35,0.51,2.02,141303.77,76346.06,43759.8,21430.35,1.06,0.333,4.71,7.57,20161025,32554.4,1.61,0.0,0.0,22.84,8.67,48727,-50.13
3033,300540,深冷股份,专用机械,四川,90.96,0.2,0.8,93363.03,87706.8,1606.2,33138.48,4.14,0.57,7.86,6.83,20160823,19185.4,2.4,0.0,0.0,36.26,13.63,20096,-50.11
2995,603160,汇顶科技,元器件,深圳,57.58,0.45,4.45,213549.59,184013.91,14960.98,3422.9,0.08,1.51,3.76,27.61,20161017,112007.38,2.52,0.0,0.0,47.58,28.39,43194,-50.08
3054,300538,同益股份,批发业,深圳,108.16,0.14,0.56,51612.51,50271.65,709.03,20101.35,3.59,0.63,6.94,10.24,20160826,12333.87,2.2,0.0,0.0,13.9,4.49,10802,-50.05
2532,603779,威龙股份,红黄药酒,山东,176.86,0.5,2.0,144937.38,92808.13,27016.08,14475.42,0.72,0.17,3.76,9.09,20160516,37026.64,1.85,0.0,0.0,58.58,5.61,28231,-50.05
2069,002815,崇达技术,半导体,深圳,49.51,0.5,4.1,340344.31,143984.09,143910.86,71448.15,1.74,1.01,5.14,8.83,20161012,90783.1,2.21,27.87,24.88,36.81,16.73,37289,-49.82
3019,300559,佳发安泰,软件服务,四川,72.85,0.18,0.72,64484.61,52263.5,1198.46,28366.88,3.95,1.09,8.11,7.73,20161101,19276.68,2.68,11.59,7.29,55.35,37.27,15230,-49.79
2398,603313,梦百合,家居用品,江苏,47.58,0.6,2.4,204181.73,146496.5,34100.18,89684.93,3.74,0.79,6.71,5.59,20161013,42573.35,1.77,0.0,0.0,33.95,11.62,53283,-49.55
2720,002788,鹭燕医药,医药商业,福建,60.38,0.74,1.28,390622.09,339576.63,33135.07,65008.7,5.07,0.65,10.4,4.75,20160218,51464.21,4.02,7.55,2.71,7.41,1.49,26054,-49.4
2951,300565,科信技术,通信设备,深圳,80.4,0.4,1.6,87290.11,78041.32,1163.55,2757.06,0.17,0.344,3.3,11.18,20161122,22881.7,1.43,0.0,0.0,36.02,10.82,29142,-49.39
1159,300535,达威股份,化工原料,四川,104.05,0.15,0.6,67153.21,48604.26,8250.91,31399.51,5.26,0.84,10.14,8.9,20160812,20828.26,3.49,0.0,0.0,50.78,18.79,14350,-49.36
3141,002792,通宇通讯,通信设备,广东,43.88,0.71,2.26,249975.63,220052.25,14056.62,73251.21,3.24,0.692,7.89,5.14,20160328,76158.46,3.37,-3.68,-13.5,38.91,16.53,23198,-49.2
198,300545,联得装备,专用机械,深圳,176.38,0.18,0.71,55374.18,51998.12,1448.91,22213.5,3.12,0.42,6.31,11.88,20160928,13963.02,1.96,0.0,0.0,27.36,13.45,12934,-49.08
2886,603887,城地股份,建筑施工,上海,90.2,0.25,0.98,102469.11,90463.86,8154.58,34492.75,3.52,0.69,6.96,7.31,20161010,21523.09,2.19,1.81,-1.1,19.55,9.79,16111,-48.98
620,002801,微光股份,电气设备,浙江,72.36,0.15,0.59,84381.81,69311.53,11489.32,27533.98,4.68,1.94,12.69,9.68,20160622,36753.6,6.24,11.09,21.54,34.02,22.66,16857,-48.93
2874,300563,神宇股份,通信设备,江苏,114.58,0.2,0.8,61480.3,36377.15,21113.1,15894.55,1.99,0.58,5.3,9.73,20161114,16639.77,2.08,18.5,10.82,25.27,11.52,15576,-48.87
441,601500,通用股份,汽车配件,江苏,88.32,1.75,7.27,409778.13,222723.17,144775.31,74228.81,1.02,0.24,3.44,6.23,20160919,89047.24,1.22,0.0,0.0,17.22,5.53,99701,-48.51
2676,300557,理工光科,电器仪表,湖北,96.16,0.14,0.56,60266.38,56162.26,2510.84,19838.15,3.56,0.99,8.39,8.97,20161101,18547.26,3.33,13.07,14.36,42.95,20.98,12298,-48.51
2970,603861,白云电器,电气设备,广东,127.58,0.49,4.09,260312.95,162975.48,55917.03,34267.19,0.84,0.17,4.42,6.44,20160322,91669.77,2.24,0.0,0.0,28.29,8.54,31932,-48.4
3023,300553,集智股份,电器仪表,浙江,126.59,0.12,0.48,19416.78,13806.1,612.56,4179.06,0.87,0.494,4.82,17.29,20161021,8424.86,1.76,0.0,0.0,56.05,31.01,10852,-48.35
1047,603322,超讯通信,通信设备,广东,507.15,0.2,0.8,93845.17,90188.53,2623.46,25377.57,3.17,0.203,5.81,23.59,20160728,12223.1,1.53,0.0,0.0,21.96,3.25,16195,-47.55
2963,603858,步长制药,中成药,山东,37.86,0.7,6.82,1628942.13,617278.56,128687.51,22941.02,0.34,1.846,13.74,6.78,20161118,726327.81,10.65,0.0,0.0,83.55,13.98,61706,-47.45
3151,002789,建艺集团,装修装饰,深圳,70.91,0.37,0.81,294906.0,255768.77,4734.46,61053.11,7.52,0.74,13.01,5.08,20160311,31709.69,3.91,0.85,4.64,13.26,4.1,14968,-47.1
2762,600936,广西广电,影视音像,广西,54.54,3.0,16.71,707051.38,266729.06,286343.41,110046.57,0.66,0.2,2.19,5.52,20160815,71710.18,0.43,0.0,0.0,32.02,15.97,113363,-47.09
2760,603959,百利科技,建筑施工,湖南,60.78,0.56,2.24,184492.95,172698.67,4724.9,27004.78,1.21,0.53,3.91,7.39,20160517,34190.64,1.53,70.8,42.15,29.39,13.83,33933,-47.04
3143,603258,电魂网络,互联网,浙江,51.21,0.6,2.4,86315.21,62596.67,1155.14,1465.79,0.06,0.824,3.41,16.5,20161026,33167.05,1.38,0.0,0.0,93.07,52.68,54003,-47.0
857,002793,东音股份,专用机械,浙江,66.89,0.25,1.0,81289.27,52640.05,20514.28,31034.36,3.1,1.09,6.98,9.61,20160415,25351.14,2.54,9.1,22.71,28.75,15.75,19665,-46.97
2566,300527,华舟应急,专用机械,湖北,107.34,1.16,4.63,294017.47,238878.3,34765.6,89128.99,1.93,0.178,3.71,6.86,20160805,31867.8,0.69,0.0,0.0,19.68,6.77,70193,-46.97
3000,603663,三祥新材,矿物制品,福建,124.77,0.34,1.34,48595.07,37339.53,8343.11,15695.38,1.17,0.34,3.18,11.52,20160801,11490.49,0.86,0.14,18.84,32.07,14.16,25773,-46.85
3031,603987,康德莱,医疗保健,上海,65.48,0.53,2.1,138543.44,61346.1,66355.77,20036.95,0.95,0.364,4.21,7.53,20161121,27593.8,1.31,0.0,0.0,32.89,9.32,47595,-46.59
2777,300536,农尚环境,建筑施工,湖北,85.38,0.23,0.93,73885.45,72564.93,962.99,20834.25,2.24,0.54,5.1,9.12,20160920,15599.32,1.68,0.0,0.0,27.25,13.26,16330,-46.35
1788,002817,黄山胶囊,化学制药,安徽,96.63,0.22,0.87,43119.96,17945.15,19053.17,5356.1,0.62,0.501,5.48,11.78,20161025,21420.3,2.47,0.0,0.0,43.26,21.01,40516,-46.2
3154,300617,安靠智电,电气设备,江苏,102.55,0.17,0.67,61349.6,38024.14,18591.46,9920.13,1.49,1.089,7.85,14.23,20170228,21374.93,3.21,19.42,13.81,50.97,22.41,30768,-46.19
2099,002810,山东赫达,化工原料,山东,97.8,0.24,0.96,102905.61,56236.91,34368.81,19075.25,2.0,0.5,6.64,7.63,20160826,30115.98,3.15,0.0,0.0,25.5,8.87,16144,-46.13
3039,300541,先进数通,软件服务,北京,174.43,0.3,1.2,108420.51,107081.75,577.87,35528.6,2.96,0.26,5.62,8.21,20160913,17805.6,1.48,0.0,0.0,22.28,4.64,51568,-46.01
2808,300522,世名科技,染料涂料,江苏,82.97,0.17,0.67,57716.76,40764.71,9781.62,28469.8,4.27,0.92,8.15,10.72,20160705,17047.18,2.56,0.0,0.0,45.35,24.86,14172,-45.98
3060,300547,川环科技,橡胶,四川,72.23,0.15,0.6,86045.56,71070.55,11833.28,32012.39,5.36,1.21,10.72,8.18,20160930,23849.7,3.99,0.0,0.0,34.19,15.74,13590,-45.94
2979,002820,桂发祥,食品,天津,61.82,0.32,1.28,65058.05,34066.98,4924.16,10916.1,0.85,0.605,4.99,9.99,20161118,24558.49,1.92,0.0,0.0,51.87,21.4,56828,-45.9
2998,603336,宏辉果蔬,农业综合,广东,98.0,0.33,1.33,62292.8,45381.96,12410.53,4992.25,0.37,0.337,4.53,9.72,20161124,28877.35,2.17,0.0,0.0,16.61,9.13,32253,-45.77
2749,300484,蓝海华腾,电气设备,深圳,56.16,0.47,1.04,82367.18,78896.09,598.72,18632.95,1.79,1.06,5.39,14.16,20160322,25038.3,2.41,154.06,174.22,44.09,24.53,15609,-45.74
570,601811,新华文轩,出版业,四川,43.34,0.99,12.34,1200614.13,576541.56,137508.84,262112.27,2.12,0.42,6.52,3.45,20160808,216404.95,1.75,0.0,0.0,38.82,11.06,53794,-45.7
3030,603727,博迈科,石油开采,天津,39.24,0.59,2.34,267119.56,150583.66,0.0,0.0,0.0,0.891,6.95,6.71,20161122,0.0,0.0,0.0,0.0,0.0,8.7,52893,-45.68
2982,603708,家家悦,超市连锁,山东,44.5,0.9,3.6,463507.94,317130.72,110066.92,35264.98,0.98,0.495,4.11,7.16,20161213,40863.45,1.14,0.0,0.0,21.45,2.2,83147,-45.15
3133,002808,苏州恒久,元器件,江苏,161.55,0.3,1.2,55542.73,45809.3,6720.02,20165.7,1.68,0.25,4.2,10.14,20160812,15434.94,1.29,0.0,0.0,25.16,12.7,23012,-44.98
2616,300500,启迪设计,建筑施工,江苏,97.04,0.17,0.61,79305.38,64931.5,4779.1,43457.06,7.07,0.66,11.43,6.94,20160204,18468.92,3.0,9.27,38.51,38.59,15.15,14099,-44.95
2908,002791,坚朗五金,其他建材,广东,40.97,0.44,2.14,299995.94,240467.41,31826.64,108452.47,5.06,0.92,11.25,4.18,20160329,102715.34,4.79,17.62,29.86,40.61,9.38,26795,-44.89
1560,300569,天能重工,专用机械,山东,42.81,0.21,0.83,130181.85,104246.09,13808.07,18605.95,2.23,1.832,12.64,8.27,20161125,51067.76,6.13,3.83,54.01,36.08,20.07,21249,-44.84
2933,603029,天鹅股份,专用机械,山东,197.25,0.23,0.93,91105.65,54614.07,19154.24,22077.5,2.37,0.21,7.47,6.71,20160427,33627.67,3.6,0.0,0.0,37.12,8.43,21581,-44.83
3013,300561,汇金科技,软件服务,广东,77.64,0.21,0.84,69385.53,65723.55,1641.0,35972.12,4.28,0.939,7.39,9.87,20161117,17637.5,2.1,28.09,11.11,73.12,36.17,15620,-44.77
2679,002795,永和智控,机械基件,浙江,107.51,0.25,1.0,69787.34,52376.42,7688.68,34386.23,3.44,0.74,6.09,11.9,20160428,13351.52,1.34,-4.59,2.08,29.85,14.78,23337,-44.76
3015,603900,通灵珠宝,服饰,江苏,41.83,0.61,2.43,249315.05,231254.16,8177.75,118960.22,4.89,1.18,8.32,4.57,20161123,52122.75,2.14,10.74,22.3,54.1,13.41,40678,-44.58
2662,601966,玲珑轮胎,汽车配件,山东,30.25,2.0,12.0,1686478.25,628793.0,909712.81,266548.47,2.22,0.73,6.41,4.07,20160706,341448.66,2.85,0.0,0.0,29.44,10.47,111962,-44.44
3114,600939,重庆建工,建筑施工,重庆,119.23,1.82,18.15,6105199.0,4784927.0,113704.32,78610.03,0.43,0.121,2.57,7.49,20170221,140738.48,0.78,0.0,0.0,6.0,0.7,151698,-44.34
2693,300611,美力科技,机械基件,浙江,108.63,0.22,0.89,57927.11,30613.46,11633.12,16109.45,1.8,0.82,6.32,10.63,20170220,17716.21,1.98,20.67,15.62,37.25,15.41,41404,-44.3
3126,300613,富瀚微,半导体,上海,104.01,0.11,0.44,33418.15,31819.09,1266.75,2690.9,0.61,2.516,8.16,32.07,20170220,19358.39,4.36,77.14,199.37,56.96,34.77,20647,-44.19
2291,603658,安图生物,医疗保健,河南,60.13,0.42,4.2,182144.06,117508.67,45022.98,53500.46,1.27,0.89,3.92,12.78,20160901,58869.38,1.4,36.81,25.8,71.98,35.68,18971,-44.19
3146,300609,汇纳科技,互联网,上海,131.26,0.25,1.0,29602.91,27178.85,491.42,5702.33,0.57,0.64,3.41,18.6,20170215,11073.75,1.11,28.11,29.99,69.19,27.93,45678,-44.03
3024,002824,和胜股份,铝,广东,79.75,0.3,1.2,60617.38,32629.4,20764.1,15127.51,1.26,0.446,4.49,10.57,20170112,14318.35,1.19,8.59,56.76,24.79,9.69,23046,-43.84
31,002853,皮阿诺,家居用品,广东,99.56,0.16,0.62,64505.57,39334.76,15603.1,15085.6,2.43,1.409,8.18,17.15,20170310,16149.98,2.6,23.12,27.74,37.85,13.89,28965,-43.75
3025,300570,太辰光,元器件,深圳,65.84,0.32,1.28,49178.12,33797.15,4404.25,2334.07,0.18,0.593,4.33,12.03,20161206,25452.05,1.99,0.0,0.0,35.99,24.01,25333,-43.56
2456,601163,三角轮胎,汽车配件,山东,34.27,2.0,8.0,1293389.63,761960.31,387679.5,412397.31,5.15,0.92,9.48,3.42,20160909,196386.7,2.45,0.0,0.0,26.88,11.46,136780,-43.54
2728,603909,合诚股份,建筑施工,福建,96.55,0.25,1.0,64846.51,51591.43,9383.28,21466.53,2.15,0.47,5.57,8.97,20160628,22802.51,2.28,0.0,0.0,41.64,20.66,18484,-43.51
188,002806,华锋股份,元器件,广东,192.6,0.2,0.8,54206.17,32981.15,15137.62,8258.58,1.03,0.24,4.31,14.32,20160726,16503.92,2.06,0.0,0.0,18.67,7.34,18404,-43.4
3116,603966,法兰泰克,机械基件,江苏,130.75,0.4,1.6,73405.46,52539.18,0.0,0.0,0.0,0.228,4.12,9.66,20170125,0.0,0.0,0.0,0.0,0.0,9.91,38467,-43.17
740,002778,高科石化,石油加工,江苏,103.08,0.45,0.89,73342.65,56890.21,8745.8,21435.85,2.41,0.282,6.58,5.9,20160106,25637.8,2.88,-7.26,-16.09,15.24,6.12,14453,-43.07
2026,600977,中国电影,影视音像,北京,49.9,4.67,18.67,1425109.38,1043929.13,254368.55,422453.44,2.26,0.48,5.13,4.8,20160809,314685.84,1.69,0.0,0.0,20.56,11.17,203163,-42.75
49,002851,麦格米特,电气设备,深圳,129.8,0.45,1.78,144212.88,105224.8,20755.74,14447.54,0.81,0.617,5.17,15.48,20170306,37734.93,2.12,41.98,93.85,33.77,9.5,81113,-42.72
2882,603203,快克股份,专用机械,江苏,64.01,0.23,0.92,31503.91,24610.15,3820.6,5890.22,0.64,0.749,3.53,18.11,20161108,8814.1,0.96,0.0,0.0,56.1,32.82,25385,-42.67
1217,002839,张家港行,银行,江苏,77.41,1.81,18.08,8756601.0,0.0,0.0,0.0,0.0,0.285,4.59,6.42,20170124,0.0,0.0,-2.14,-4.09,0.0,29.35,298143,-42.61
411,300558,贝达药业,化学制药,浙江,69.88,0.41,4.01,147507.23,74535.5,0.0,0.0,0.0,0.769,3.33,21.52,20161107,0.0,0.0,0.0,0.0,0.0,39.16,70719,-42.61
3148,300619,金银河,专用机械,广东,138.04,0.19,0.75,43268.73,31554.3,6515.23,3363.31,0.45,0.577,3.66,21.78,20170301,9699.42,1.3,61.91,80.1,33.63,14.73,34311,-42.46
3144,603665,康隆达,纺织,浙江,74.69,0.25,1.0,78034.21,33193.23,28606.93,12895.71,1.29,0.938,4.96,14.12,20170313,13567.73,1.36,16.73,49.74,33.54,13.09,24566,-42.27
2134,603060,国检集团,建筑施工,北京,70.19,0.55,2.2,76181.61,28858.69,22803.7,0.0,0.0,0.386,2.36,15.3,20161109,19252.86,0.88,0.0,0.0,49.65,18.72,50580,-42.2
2591,603738,泰晶科技,元器件,湖北,90.0,0.17,0.67,75663.43,53462.05,19094.81,26720.73,4.01,0.79,7.89,8.99,20160928,17487.6,2.62,0.0,0.0,36.99,15.03,15381,-41.97
2509,603919,金徽酒,白酒,甘肃,38.34,0.89,2.8,194236.48,66277.65,97026.49,73797.81,2.64,0.62,5.64,5.19,20160310,52118.53,1.86,0.0,0.0,61.89,17.31,34977,-41.88
3124,603881,数据港,互联网,上海,190.06,0.53,2.11,108636.36,24827.35,51951.32,4575.37,0.22,0.27,2.5,27.44,20170208,18443.53,0.88,0.0,0.0,40.52,19.59,50979,-41.83
2322,601595,上海电影,影视音像,上海,60.38,0.94,3.74,258900.3,173048.77,21620.34,82026.93,2.2,0.6,5.0,7.67,20160817,61055.95,1.63,0.0,0.0,33.6,23.57,50907,-41.72
701,603630,拉芳家化,日用化工,广东,80.46,0.44,1.74,107976.85,85920.31,7582.85,16333.92,0.94,0.857,6.42,10.74,20170313,49240.78,2.82,6.53,4.65,59.19,14.25,44166,-41.67
1218,002816,和科达,专用机械,深圳,154.82,0.25,1.0,48635.26,41085.73,4386.7,5612.68,0.56,0.195,4.37,9.19,20161025,19063.25,1.91,0.0,0.0,34.77,8.04,45922,-41.65
1221,002803,吉宏股份,广告包装,福建,132.75,0.29,1.16,68117.68,34826.35,24435.05,14304.69,1.23,0.32,3.63,12.49,20160712,15177.67,1.31,0.0,0.0,20.8,7.18,21617,-41.56
515,603393,新天然气,供气供热,新疆,54.48,0.4,1.6,197829.0,130871.47,56689.38,117074.22,7.32,1.0,10.66,5.09,20160912,27113.8,1.69,0.0,0.0,31.38,20.88,36934,-41.55
3096,603615,茶花股份,塑料,福建,86.96,0.6,2.4,92314.68,50840.93,35114.76,27307.65,1.14,0.51,4.64,7.14,20170213,35142.15,1.46,-1.38,1.43,33.28,13.63,58042,-41.55
3147,603908,牧高笛,纺织,浙江,106.0,0.17,0.67,36211.3,30778.63,3026.7,1783.14,0.27,0.712,3.88,19.47,20170307,10333.19,1.55,-5.32,-12.46,34.43,11.02,15567,-41.54
2932,603569,长久物流,仓储物流,北京,50.05,0.4,4.0,292205.41,220297.91,10231.98,54737.69,1.37,0.63,4.27,8.92,20160810,55913.07,1.4,0.0,0.0,15.1,8.76,28803,-41.49
3075,603737,三棵树,染料涂料,福建,104.47,0.25,1.0,142248.55,75694.21,30474.64,32144.93,3.21,0.61,8.96,8.13,20160603,43658.98,4.37,0.0,0.0,45.51,4.28,23241,-41.38
3028,601882,海天精工,机床制造,浙江,220.59,0.52,5.22,191617.48,108154.9,65894.71,28705.75,0.55,0.13,2.07,12.91,20161107,23753.81,0.46,1.68,8.32,26.09,6.28,30592,-41.09
3138,002852,道道全,食品,湖南,66.2,0.25,1.0,120132.57,65107.86,11516.05,12104.45,1.21,2.057,8.85,15.38,20170310,41741.8,4.17,23.09,12.45,16.58,7.65,45972,-41.0
1033,603101,汇嘉时代,百货,新疆,72.0,0.6,2.4,206561.75,40967.32,82675.17,43718.01,1.82,0.29,4.89,4.95,20160506,46277.73,1.93,0.0,0.0,17.21,3.16,29218,-40.96
3130,603036,如通股份,专用机械,江苏,131.1,0.51,2.03,73579.56,56679.8,13282.86,15650.63,0.77,0.234,4.15,9.87,20161209,29454.93,1.45,0.0,0.0,48.87,28.01,47504,-40.91
3153,603007,花王股份,建筑施工,江苏,91.98,0.33,1.33,159258.19,106922.42,2671.26,37764.8,2.83,0.6,6.17,9.22,20160826,27960.08,2.1,0.0,0.0,28.7,14.97,23153,-40.85
3066,603716,塞力斯,医药商业,湖北,88.61,0.13,0.51,109248.1,88978.77,16023.69,49088.95,9.64,1.71,16.56,7.24,20161031,28061.88,5.51,18.44,12.14,34.83,10.99,10729,-40.8
3080,002790,瑞尔特,家居用品,福建,41.75,0.4,1.6,144864.75,103922.56,37686.71,66656.49,4.17,0.762,8.15,5.2,20160308,42612.68,2.66,-0.36,11.59,36.91,20.35,18177,-40.54
1161,300518,盛讯达,软件服务,深圳,106.25,0.23,0.93,112545.55,91486.3,2683.15,49044.05,5.25,1.22,11.23,10.1,20160624,41955.18,4.49,1.72,8.18,83.53,48.09,22450,-40.5
3082,300539,横河模具,塑料,浙江,135.95,0.24,0.95,46089.71,21780.28,17634.09,12448.66,1.31,0.31,3.56,12.39,20160830,11064.25,1.16,0.0,0.0,24.04,8.0,16809,-40.48
3057,603238,诺邦股份,纺织,浙江,91.95,0.3,1.2,49722.35,13150.3,0.0,0.0,0.0,0.384,4.13,11.39,20170222,0.0,0.0,0.0,0.0,26.2,12.12,28023,-40.48
3118,300597,吉大通信,通信设备,吉林,144.18,0.6,2.4,55637.68,51415.14,2847.8,0.0,0.0,0.151,2.21,13.11,20170123,19615.4,0.82,0.0,0.0,28.06,13.22,105074,-40.4
78,002805,丰元股份,化工原料,山东,208.93,0.24,0.97,56058.46,28193.39,18720.27,15812.97,1.63,0.23,5.5,9.26,20160707,24472.78,2.53,0.0,0.0,20.92,9.41,17510,-40.26
3068,603690,至纯科技,专用机械,上海,125.13,0.52,2.08,57301.45,43935.48,11052.0,523.47,0.03,0.172,1.82,15.81,20170113,11244.19,0.54,34.16,210.45,37.51,20.03,46477,-40.01
3109,002842,翔鹭钨业,小金属,广东,95.26,0.25,1.0,75118.06,58211.16,0.0,0.0,0.0,0.472,6.07,9.88,20170119,0.0,0.0,-9.9,12.29,0.0,9.12,48379,-40.0
2779,002811,亚泰国际,装修装饰,深圳,79.73,0.45,1.8,236294.0,211036.2,1598.68,61710.43,3.43,0.46,6.76,5.43,20160908,37842.68,2.1,0.0,0.0,17.3,4.82,36146,-39.92
1220,002812,创新股份,广告包装,云南,50.46,0.33,1.34,181905.88,122451.47,48755.28,95155.96,7.11,1.07,11.34,4.9,20160914,35300.8,2.64,0.0,0.0,27.99,13.72,27326,-39.87
2217,601900,南方传媒,出版业,广东,26.62,1.76,8.19,865504.13,612700.81,58747.8,108320.36,1.32,0.44,4.33,3.47,20160215,156058.98,1.91,10.67,1.42,28.03,9.04,68549,-39.84
1851,300598,诚迈科技,软件服务,江苏,102.89,0.2,0.8,36148.94,28534.97,839.49,5471.66,0.68,0.84,4.62,14.07,20170120,14660.72,1.83,14.69,17.55,31.55,10.0,16178,-39.57
3064,603839,安正时尚,服饰,浙江,50.72,0.71,2.85,178508.66,90542.8,54413.95,520.0,0.02,1.1,6.0,7.0,20170214,95596.18,3.35,-1.53,-3.21,70.63,19.57,62798,-39.56
2840,601212,白银有色,铜,甘肃,354.72,6.98,69.73,4036600.75,2054398.25,536928.69,324990.94,0.47,0.032,1.83,8.35,20170215,279442.88,0.4,0.0,0.0,2.37,0.47,526296,-39.53
1648,002797,第一创业,证券,深圳,117.99,2.19,21.89,3170030.5,0.0,14238.92,391114.03,1.79,0.27,3.93,7.7,20160511,146177.25,0.67,-32.64,-44.99,0.0,27.71,104901,-39.53
669,002848,高斯贝尔,通信设备,湖南,145.53,0.42,1.67,100493.42,79216.75,11689.78,12636.03,0.76,0.198,4.68,8.21,20170213,31510.65,1.89,0.0,0.0,26.77,5.17,72405,-39.36
238,601020,华钰矿业,铅锌,西藏,131.55,2.81,5.26,265324.47,71624.61,66542.5,35630.43,0.68,0.21,2.91,12.15,20160316,51105.35,0.97,0.0,0.0,63.9,26.7,25532,-39.32
2645,603819,神力股份,电气设备,江苏,112.73,0.3,1.2,55723.82,43261.05,7921.93,24484.95,2.04,0.289,5.43,8.01,20161125,12747.17,1.06,0.0,0.0,17.96,8.51,29748,-39.09
3101,603177,德创环保,环境保护,浙江,154.1,0.51,2.02,100971.78,83163.8,13589.65,1470.12,0.07,0.154,2.27,13.94,20170207,14785.67,0.73,0.0,0.0,31.08,6.77,45947,-38.97
2928,603556,海兴电力,电器仪表,浙江,38.23,0.93,3.73,292752.94,234531.22,26280.3,35653.23,0.95,0.97,6.81,7.26,20161110,112131.42,3.0,0.0,0.0,46.65,25.75,86348,-38.97
462,300534,陇神戎发,中成药,甘肃,170.95,0.22,0.87,76347.61,28225.23,34967.06,42215.07,4.87,0.67,8.12,11.48,20160913,17009.2,1.96,-2.77,-22.13,36.25,17.52,13596,-38.94
2789,300549,优德精密,专用机械,江苏,106.92,0.17,0.67,61923.8,49988.6,9121.66,24063.86,3.61,0.66,6.27,11.25,20160930,9507.13,1.43,0.0,0.0,35.35,12.7,14080,-38.87
2959,300602,飞荣达,元器件,深圳,70.14,0.25,1.0,78993.96,59788.05,9119.86,5789.02,0.58,0.758,6.86,10.34,20170126,35376.81,3.54,0.0,0.0,31.76,13.34,45581,-38.79
2801,002822,中装建设,装修装饰,深圳,55.08,0.75,3.0,252479.34,234171.84,12791.67,35477.35,1.18,0.385,5.39,5.25,20161129,58170.48,1.94,0.0,0.0,16.35,6.05,49317,-38.74
36,300625,三雄极光,半导体,广东,61.51,0.7,2.8,131153.77,94307.11,21518.42,814.9,0.03,0.881,3.49,15.51,20170317,43168.55,1.54,2.7,35.89,37.01,13.0,119575,-38.62
3136,300591,万里马,服饰,广东,198.64,0.6,2.4,71122.9,53925.05,15004.8,1451.95,0.06,0.113,1.51,19.87,20170110,7171.07,0.3,25.38,57.17,28.1,5.78,104334,-38.5
623,603958,哈森股份,服饰,江苏,88.08,0.54,2.17,143794.27,120383.75,14104.76,46205.46,2.13,0.31,5.27,5.7,20160629,41594.05,1.91,0.0,0.0,50.29,4.53,33732,-38.49
2038,603520,司太立,化学制药,浙江,64.79,0.65,1.2,183288.92,67966.53,54515.61,45597.76,3.8,0.57,6.64,6.76,20160309,19011.09,1.58,4.12,25.21,37.9,12.15,13678,-38.38
3069,603823,百合花,染料涂料,浙江,52.45,0.45,2.25,151072.94,0.0,0.0,0.0,0.0,0.5,3.91,8.93,20161220,0.0,0.0,17.34,14.08,0.0,10.98,39487,-38.31
1661,603608,天创时尚,服饰,广东,53.16,0.91,2.8,184079.34,142374.27,23969.06,84246.36,3.01,0.32,5.34,3.95,20160218,34021.73,1.22,0.0,0.0,58.26,7.67,28968,-38.22
3078,300582,英飞特,半导体,浙江,88.55,0.33,1.32,114044.76,24015.92,56775.4,13432.09,1.02,0.35,4.34,9.54,20161228,17939.39,1.36,22.74,-10.58,35.2,10.31,23743,-38.02
2613,603633,徕木股份,元器件,上海,98.93,0.3,1.2,83664.28,0.0,0.0,0.0,0.0,0.317,5.4,7.74,20161117,0.0,0.0,0.0,0.0,0.0,15.3,29238,-37.96
3125,603817,海峡环保,环境保护,福建,132.31,1.13,4.5,180461.13,26159.35,90670.5,31825.55,0.71,0.141,2.65,9.37,20170220,22613.6,0.5,0.0,0.0,50.53,25.87,103817,-37.7
22,300623,捷捷微电,半导体,江苏,83.0,0.24,0.94,57107.98,31056.77,14879.84,13454.97,1.44,1.244,7.13,14.47,20170314,25169.03,2.69,37.33,44.24,54.79,35.11,44549,-37.68
3127,603668,天马科技,饲料,福建,80.4,0.53,2.12,98112.68,63275.2,18413.71,2472.38,0.12,0.299,2.77,11.59,20170117,21620.03,1.02,11.15,38.07,22.74,9.77,54527,-37.59
193,300521,爱司凯,专用机械,广东,114.93,0.2,0.8,51195.3,47899.62,1275.32,20405.65,2.55,0.49,5.64,11.0,20160705,15755.07,1.97,0.0,0.0,51.31,23.55,16353,-37.32
16,603991,至正股份,塑料,上海,115.5,0.19,0.75,46582.14,26469.76,2225.7,8911.82,1.2,0.503,4.41,13.16,20170308,9107.85,1.22,16.69,11.27,27.33,10.67,17382,-37.31
2708,603033,三维股份,橡胶,浙江,59.64,0.23,0.91,101223.38,78051.67,16883.17,11071.11,1.22,0.643,10.43,4.9,20161207,49260.45,5.43,0.0,0.0,25.24,10.75,24421,-37.08
24,603955,大千生态,建筑施工,江苏,86.13,0.22,0.87,157274.13,118076.47,447.52,30958.35,3.56,0.801,10.53,6.55,20170310,27676.27,3.18,13.62,15.55,25.65,11.65,22110,-36.95
2054,600919,江苏银行,银行,江苏,10.89,11.54,115.44,159829248.0,0.0,553778.88,1607527.75,1.39,0.98,7.16,1.4,20160802,2287858.0,1.98,11.81,11.72,0.0,33.84,240799,-36.93
2439,603515,欧普照明,电气设备,上海,54.1,0.58,5.79,466552.69,328700.44,100637.22,104745.53,1.81,0.57,5.05,7.38,20160819,114739.07,1.98,0.0,0.0,41.09,8.24,41467,-36.63
99,002802,洪汇新材,化工原料,江苏,127.17,0.27,1.08,56769.01,40347.55,10842.82,23470.68,2.17,0.44,4.95,12.5,20160629,17256.21,1.6,0.0,0.0,32.33,17.55,20472,-36.6
2930,603977,国泰集团,化工原料,江西,61.87,0.55,2.21,120298.11,49227.05,47510.55,35863.21,1.62,0.59,4.48,6.31,20161111,35777.95,1.62,-2.32,4.05,46.87,21.39,35315,-36.59
2931,603878,武进不锈,钢加工,江苏,59.31,0.51,2.02,172152.67,116886.88,38053.25,41118.78,2.04,0.442,7.96,4.39,20161219,56448.5,2.79,0.0,0.0,20.77,9.01,47889,-36.44
424,300562,乐心医疗,医疗保健,广东,103.32,0.15,0.59,66210.05,51004.37,7215.97,25168.0,4.27,1.77,8.58,16.44,20161116,17228.9,2.92,22.52,60.44,33.05,10.45,11900,-36.42
3099,002850,科达利,机械基件,深圳,75.14,0.35,1.4,172321.41,91797.35,57926.5,22797.03,1.63,1.662,8.86,14.1,20170302,55362.57,3.95,28.45,50.61,30.49,15.99,62072,-36.41
3086,603218,日月股份,工程机械,浙江,61.24,0.41,4.01,256373.09,164865.98,0.0,0.0,0.0,0.604,4.45,11.09,20161228,0.0,0.0,-16.21,-17.24,0.0,20.78,40897,-36.38
39,603517,绝味食品,食品,湖南,48.66,0.5,4.1,196189.61,88594.86,43118.73,7250.18,0.18,0.928,4.07,11.09,20170317,96996.31,2.37,12.08,26.42,31.84,11.62,45759,-36.24
3123,300599,雄塑科技,塑料,广东,90.63,0.76,3.04,109598.9,50698.07,38369.56,17240.01,0.57,0.238,2.79,10.31,20170123,20844.02,0.69,0.0,0.0,22.98,8.81,129989,-36.17
2879,300593,新雷能,电气设备,北京,106.31,0.29,1.16,52312.09,40647.65,4011.13,8755.4,0.76,0.324,4.09,11.24,20170113,17059.2,1.48,9.45,16.91,47.09,14.05,51639,-36.1
1828,603798,康普顿,石油加工,山东,46.51,0.25,1.0,91166.86,59296.18,10367.66,36293.3,3.63,1.03,7.57,7.76,20160406,26228.9,2.62,0.0,0.0,36.99,15.35,15263,-36.06
2782,300583,赛托生物,生物制药,山东,85.32,0.27,1.07,94700.42,0.0,0.0,0.0,0.0,0.678,6.89,11.21,20170106,0.0,0.0,-21.75,-49.75,0.0,18.97,29692,-35.97
1377,603577,汇金通,钢加工,山东,116.07,0.29,1.17,101383.6,73521.3,20522.25,24119.0,2.07,0.395,5.96,10.26,20161222,17820.59,1.53,0.0,0.0,28.09,10.96,27115,-35.15
1812,300605,恒锋信息,软件服务,福建,120.28,0.21,0.84,40461.5,36524.46,3484.38,8335.95,0.99,0.465,3.69,15.13,20170208,7771.31,0.93,6.19,10.85,27.03,11.82,38588,-34.91
2997,300608,思特奇,软件服务,北京,0.0,0.17,0.67,66107.78,62968.28,1887.74,9622.9,1.43,-0.074,6.12,12.25,20170213,14058.8,2.09,0.0,0.0,35.86,-1.37,31067,-34.73
3036,002836,新宏泽,广告包装,广东,123.54,0.2,0.8,55036.01,33925.35,13758.05,11493.91,1.44,0.84,4.94,15.71,20161229,17163.85,2.15,10.05,37.68,38.81,18.75,8296,-34.61
3149,603186,华正新材,元器件,浙江,63.06,0.32,1.29,110635.36,75836.61,0.0,0.0,0.0,0.526,4.05,10.92,20170103,0.0,0.0,25.63,114.72,0.0,8.19,30121,-34.58
1405,603888,新华网,互联网,北京,83.01,0.52,2.08,189359.63,126243.7,5494.26,23866.25,1.15,0.774,7.51,11.41,20161028,69659.22,3.36,0.0,0.0,46.39,20.23,46234,-34.5
3002,300592,华凯创意,软件服务,湖南,126.15,0.31,1.22,64245.95,54895.88,6008.95,7359.74,0.6,0.231,3.49,11.12,20170120,15300.67,1.25,0.0,0.0,27.01,8.83,54563,-34.44
3104,300610,晨化股份,化工原料,江苏,77.16,0.25,1.0,45725.12,34945.35,5344.81,12699.3,1.27,0.457,5.07,9.28,20170213,13197.32,1.32,0.0,0.0,26.09,11.26,45000,-34.26
3120,601858,中国科传,出版业,北京,122.2,1.31,7.91,294155.75,0.0,0.0,0.0,0.0,0.116,2.99,6.35,20170118,0.0,0.0,0.0,0.0,0.0,8.5,120666,-34.06
2943,603319,湘油泵,汽车配件,湖南,87.93,0.2,0.81,80966.18,43656.84,29155.3,4352.12,0.54,0.463,6.59,8.24,20161130,25877.52,3.2,0.0,0.0,30.54,9.63,22415,-33.53
1162,300510,金冠电气,电气设备,吉林,107.67,0.44,1.74,80730.63,57932.75,10597.69,18981.97,1.09,0.34,3.44,10.14,20160506,21001.98,1.21,44.39,12.63,37.32,14.9,21495,-33.5
2905,300615,欣天科技,元器件,深圳,83.79,0.2,0.8,30486.28,20036.81,4913.51,1408.49,0.18,0.556,3.28,18.94,20170215,10280.98,1.29,0.0,0.0,48.93,25.46,36743,-33.38
20,300620,光库科技,元器件,广东,91.74,0.22,0.88,24316.84,21265.57,1330.56,6031.31,0.69,0.563,2.99,17.3,20170310,6138.6,0.7,28.3,62.44,49.01,28.1,41784,-33.35
3142,300616,尚品宅配,家居用品,广东,72.17,0.27,1.08,214996.52,121581.38,72835.47,3542.73,0.33,2.366,10.3,16.58,20170307,68781.35,6.37,30.39,83.12,46.19,6.35,48887,-33.18
2999,603377,东方时尚,汽车服务,北京,55.96,1.18,4.2,250959.55,109350.32,51023.55,75599.93,1.8,0.51,3.8,9.82,20160205,31028.3,0.74,-10.98,-22.25,53.61,23.08,11946,-33.14
3110,603689,皖天然气,供气供热,安徽,78.41,0.84,3.36,270016.03,54422.36,0.0,0.0,0.0,0.207,4.34,5.0,20170110,0.0,0.0,-24.26,-32.14,0.0,4.58,72083,-33.06
3097,603638,艾迪精密,专用机械,山东,81.39,0.44,1.76,62873.11,25333.25,0.0,0.0,0.0,0.326,3.65,9.69,20170120,0.0,0.0,0.0,0.0,22.76,19.6,46403,-32.72
2957,300581,晨曦航空,航空,陕西,197.3,0.11,0.45,36126.96,29118.44,4487.5,3604.6,0.8,0.479,7.09,17.77,20161220,14557.34,3.22,3.33,-0.65,47.49,18.86,20953,-32.7
121,300578,会畅通讯,通信设备,上海,126.61,0.18,0.72,20241.85,17271.92,2205.06,428.68,0.06,0.386,2.35,27.73,20170125,5314.89,0.74,0.0,0.0,49.15,14.42,32800,-32.63
735,603069,海汽集团,公路,海南,84.62,0.79,3.16,174968.25,71922.17,43410.53,36073.4,1.14,0.21,3.22,5.87,20160712,28742.11,0.91,0.0,0.0,21.71,6.39,39173,-32.49
3145,603165,荣晟环保,造纸,浙江,60.44,0.32,1.27,76767.7,0.0,0.0,0.0,0.0,0.568,3.69,12.39,20170117,0.0,0.0,24.63,37.35,0.0,11.21,30049,-32.35
3041,603058,永吉股份,广告包装,贵州,136.17,0.42,4.22,63957.38,31137.8,22434.73,0.0,0.0,0.16,1.53,18.98,20161223,0.0,0.0,-10.48,-5.53,0.0,30.02,37408,-32.22
3077,300603,立昂技术,通信设备,新疆,234.87,0.26,1.03,51134.3,40546.96,2000.05,6369.33,0.62,0.16,3.23,15.47,20170126,9188.88,0.9,0.0,0.0,22.79,8.33,49771,-32.16
1158,300543,朗科智能,电气设备,深圳,88.75,0.15,0.6,93959.78,58463.4,17960.95,33025.15,5.5,1.53,10.19,11.12,20160908,19725.01,3.29,31.13,22.1,18.2,8.18,14044,-32.12
3074,300572,安车检测,电器仪表,深圳,79.57,0.17,0.67,60667.19,52933.5,3942.51,7660.45,1.15,0.583,5.85,10.58,20161206,15201.12,2.28,0.0,0.0,47.34,17.61,12256,-32.07
2588,300566,激智科技,元器件,浙江,100.85,0.2,0.83,115909.72,60438.1,29516.93,6968.43,0.84,0.533,4.92,14.58,20161115,15088.3,1.82,0.0,0.0,31.27,10.15,14209,-32.05
3106,600996,贵广网络,影视音像,贵州,32.31,2.1,10.43,465794.0,118170.45,0.0,0.0,0.0,0.401,2.45,7.06,20161226,0.0,0.0,9.12,19.26,0.0,25.76,172067,-31.48
7,603388,元成股份,建筑施工,浙江,39.75,0.25,1.0,88525.96,77563.93,3067.37,11700.82,1.17,0.53,5.48,3.84,20170324,19665.52,1.97,22.99,8.56,24.79,9.72,27751,-31.43
2733,603027,千禾味业,食品,四川,57.5,0.67,1.6,102665.56,51821.76,44112.28,39539.43,2.47,0.67,5.57,6.46,20160307,30370.53,1.9,23.62,50.44,40.97,12.98,17123,-31.26
2971,300560,中富通,通信设备,福建,113.32,0.18,0.7,38418.71,35326.3,2352.32,5218.06,0.74,0.414,5.6,11.16,20161101,17392.32,2.48,0.0,0.0,29.61,11.84,13174,-31.24
2924,300586,美联新材,化工原料,广东,91.0,0.24,0.96,66841.36,48472.75,12249.36,28868.25,3.01,0.66,5.76,7.79,20170104,15137.87,1.58,20.5,14.93,23.05,11.33,13262,-31.06
867,002809,红墙股份,化工原料,广东,88.89,0.2,0.8,97798.21,87607.84,6940.77,43443.73,5.43,0.79,10.86,6.74,20160823,32910.19,4.11,0.0,0.0,33.85,16.11,23250,-31.04
3058,300587,天铁股份,橡胶,浙江,74.47,0.26,1.04,55684.0,41480.35,7935.56,16125.47,1.55,0.45,5.46,8.18,20170105,16339.59,1.57,6.97,16.24,73.11,24.26,46611,-31.03
3134,603929,亚翔集成,装修装饰,江苏,36.42,0.53,2.13,115025.65,110271.77,2156.11,10514.92,0.49,0.712,4.15,8.33,20161230,36964.55,1.73,0.0,0.0,13.95,8.5,50285,-31.02
9,603768,常青股份,汽车配件,安徽,39.1,0.51,2.04,153311.56,58885.82,64658.11,6359.89,0.31,0.727,4.88,5.83,20170324,48091.96,2.36,31.26,92.25,26.41,9.94,46888,-30.86
3117,603603,博天环境,环境保护,北京,134.17,0.4,4.0,489132.34,313059.56,0.0,0.0,0.0,0.23,2.35,17.5,20170217,0.0,0.0,0.0,0.0,23.81,5.15,36286,-30.81
2988,603089,正裕工业,汽车配件,浙江,58.32,0.27,1.07,70832.82,47935.8,14651.05,10589.28,0.99,1.1,5.07,9.51,20170126,18619.4,1.75,21.03,31.3,29.42,12.75,18900,-30.75
3048,300573,兴齐眼药,化学制药,辽宁,69.95,0.2,0.8,64519.25,16245.0,44709.98,17303.92,2.16,0.567,7.25,7.29,20161208,18382.67,2.3,0.0,0.0,74.91,17.48,36450,-30.66
3034,603208,江山欧派,家居用品,浙江,49.03,0.2,0.81,70896.06,0.0,0.0,0.0,0.0,1.041,6.91,9.85,20170210,0.0,0.0,0.0,0.0,0.0,16.1,21153,-30.57
1509,600926,杭州银行,银行,浙江,12.84,2.62,26.17,63414156.0,0.0,142353.0,802203.31,3.06,1.282,14.74,1.49,20161027,1462239.5,5.59,0.0,0.0,0.0,18.31,236149,-30.54
3029,300580,贝斯特,汽车配件,江苏,60.78,0.5,2.0,104689.36,45251.4,48133.9,28680.76,1.43,0.414,4.42,7.6,20170111,20627.85,1.03,19.33,33.99,42.63,20.85,87954,-30.51
2956,603677,奇精机械,机械基件,浙江,65.49,0.2,0.8,84492.0,53799.32,20066.05,16406.73,2.05,0.767,7.17,9.34,20170206,18883.02,2.36,0.0,0.0,21.11,7.74,18559,-30.51
2011,300606,金太阳,矿物制品,广东,108.77,0.22,0.89,31539.24,17098.48,10568.51,3423.28,0.38,0.451,3.63,13.52,20170208,12647.03,1.42,6.98,23.87,36.15,18.25,41200,-30.47
644,300537,广信材料,染料涂料,江苏,117.62,0.25,1.0,56504.05,46467.51,6523.21,21955.5,2.2,0.304,4.69,10.16,20160830,13104.82,1.31,0.0,0.0,44.94,15.4,21760,-30.41
2252,600909,华安证券,证券,安徽,65.89,8.0,36.21,3127298.25,0.0,0.0,0.0,0.0,0.142,2.4,5.19,20161206,0.0,0.0,0.0,0.0,0.0,38.25,714104,-30.41
2710,300600,瑞特股份,电气设备,江苏,69.54,0.25,1.0,66824.5,40281.95,15228.7,9876.7,0.99,0.859,6.68,11.92,20170125,30328.86,3.03,0.0,0.0,55.73,29.42,13730,-30.25
3044,002835,同为股份,元器件,深圳,81.29,0.27,1.08,45403.71,28976.74,0.0,0.0,0.0,0.401,4.01,10.85,20161228,0.0,0.0,4.03,3.39,0.0,11.55,51255,-30.08
3089,002849,威星智能,电器仪表,浙江,99.89,0.22,0.87,46779.65,36943.93,2612.26,5927.78,0.68,0.603,4.27,14.1,20170217,13532.02,1.56,44.66,47.15,32.35,13.39,40701,-30.05
37,300621,维业股份,装修装饰,深圳,65.45,0.34,1.36,161155.69,148236.3,2493.37,9843.62,0.72,0.405,4.41,6.01,20170316,20899.88,1.54,19.34,51.21,13.4,3.45,60663,-30.01
85,603986,兆易创新,半导体,北京,116.74,0.25,1.0,157778.95,142790.25,5694.47,66247.11,6.62,1.86,12.37,18.2,20160818,43824.95,4.38,0.0,0.0,27.35,13.79,13254,-29.95
3119,603990,麦迪科技,软件服务,江苏,161.98,0.2,0.8,46393.01,23379.53,0.0,0.0,0.0,0.27,3.47,16.83,20161208,0.0,0.0,29.35,346.82,0.0,14.86,20009,-29.81
2349,300601,康泰生物,生物制药,深圳,154.95,0.42,4.11,154066.98,55106.4,27172.19,19597.1,0.48,0.181,1.96,19.12,20170207,15691.07,0.38,0.0,0.0,75.48,21.88,73685,-29.39
29,002845,同兴达,元器件,深圳,147.78,0.24,0.96,171518.3,148252.63,19022.92,12223.2,1.27,0.419,5.65,14.59,20170125,19922.9,2.08,0.0,0.0,7.92,2.24,23446,-29.25
3088,603360,百傲化学,化工原料,辽宁,57.98,0.33,1.33,60197.65,23626.67,24133.18,9462.15,0.71,0.544,4.33,9.72,20170206,20489.51,1.54,0.0,0.0,49.34,24.7,31616,-29.11
3081,300596,利安隆,化工原料,天津,57.33,0.3,1.2,78414.81,49499.73,22165.61,15480.65,1.29,0.612,5.43,8.62,20170119,22739.32,1.89,0.0,0.0,27.59,12.45,53424,-28.9
18,002855,捷荣技术,塑料,广东,50.44,0.6,2.4,164321.38,113054.6,37191.48,21839.24,0.91,0.301,4.47,3.39,20170321,37180.89,1.55,-20.85,-12.37,18.02,3.93,104263,-28.85
3095,603877,太平鸟,服饰,浙江,59.72,0.55,4.75,445669.5,328332.25,45125.05,30757.88,0.65,0.502,4.3,9.3,20170109,100412.11,2.11,0.0,0.0,56.29,6.07,52511,-28.62
3113,603660,苏州科达,通信设备,江苏,278.4,0.5,2.5,95091.3,77222.65,7630.92,3052.75,0.12,0.095,3.15,11.16,20161201,39285.68,1.57,0.0,0.0,66.92,2.73,49529,-28.46
3027,002840,华统股份,食品,浙江,64.97,0.45,1.79,139658.75,43624.51,69182.34,30327.01,1.7,0.359,5.83,5.34,20170110,32090.44,1.8,108.22,50.52,5.62,2.38,77921,-28.3
577,002827,高争民爆,化工原料,西藏,62.03,0.46,1.84,57971.23,17884.15,26050.97,6424.41,0.35,0.439,2.68,13.53,20161209,13980.0,0.76,0.0,0.0,53.77,29.85,25120,-28.23
2071,002826,易明医药,化学制药,西藏,127.0,0.47,1.9,41692.43,22527.75,0.0,0.0,0.0,0.188,2.0,15.92,20161209,0.0,0.0,0.0,0.0,0.0,11.43,26111,-28.2
1508,300584,海辰药业,化学制药,江苏,105.78,0.2,0.8,34061.55,9754.3,15028.7,7264.67,0.91,0.39,4.37,12.59,20170112,11848.53,1.48,0.0,0.0,66.38,16.06,36511,-28.03
2730,002830,名雕股份,装修装饰,深圳,206.02,0.17,0.67,67970.17,49098.15,10466.05,1046.74,0.16,0.261,6.13,11.7,20161213,22176.21,3.33,-1.15,-3.17,30.38,3.94,30825,-27.88
2860,603098,森特股份,装修装饰,北京,59.15,0.63,4.0,174422.55,141509.69,0.0,0.0,0.0,0.35,2.99,9.23,20161216,0.0,0.0,0.0,0.0,0.0,13.43,54115,-27.86
3090,603039,泛微网络,软件服务,上海,90.71,0.17,0.67,74670.45,60431.88,11742.99,0.0,0.0,1.3,5.9,15.04,20170113,21910.39,3.29,45.56,29.41,95.93,14.14,15448,-27.83
3079,603886,元祖股份,食品,上海,39.72,0.6,2.4,152418.31,100271.96,24310.85,51.17,0.0,0.616,2.87,11.38,20161228,26176.59,1.09,1.11,22.64,64.03,11.13,55808,-27.8
3032,603578,三星新材,玻璃,浙江,130.92,0.22,0.88,29902.66,19808.64,7260.71,6384.37,0.73,0.542,3.35,21.2,20170306,7408.62,0.84,14.72,26.46,28.48,17.44,23239,-27.79
131,603330,上海天洋,塑料,上海,102.84,0.15,0.6,44976.35,28997.66,0.0,0.0,0.0,0.664,7.75,11.75,20170213,0.0,0.0,0.0,0.0,0.0,13.88,14043,-27.78
34,300618,寒锐钴业,小金属,江苏,148.56,0.3,1.2,80345.5,53050.67,21414.82,13453.65,1.12,0.555,4.15,19.85,20170306,12583.58,1.05,-20.24,134.5,23.2,8.96,53659,-27.71
12,603717,天域生态,环境保护,重庆,36.42,0.43,1.73,148173.72,133743.36,1548.83,12737.9,0.74,0.636,4.64,5.0,20170327,31289.65,1.81,0.64,11.91,30.18,13.31,39348,-27.62
2955,002837,英维克,专用机械,深圳,64.7,0.2,0.8,57324.76,53565.11,0.0,0.0,0.0,0.689,4.51,13.17,20161229,0.0,0.0,30.74,13.42,0.0,14.83,36772,-27.46
2991,603035,常熟汽饰,汽车配件,江苏,38.27,0.7,2.8,226379.91,74375.7,0.0,0.0,0.0,0.568,6.39,4.53,20170105,0.0,0.0,37.51,1.08,24.52,15.95,64312,-27.2
42,603179,新泉股份,汽车配件,江苏,55.12,0.4,1.59,199872.56,139237.27,40132.15,21180.64,1.33,0.713,4.97,7.91,20170317,24215.32,1.52,89.65,116.24,24.55,6.64,38383,-27.16
2723,601611,中国核建,建筑施工,北京,68.1,5.25,26.25,6935044.0,5771149.0,290926.94,110020.7,0.42,0.22,3.18,5.48,20160606,317678.72,1.21,0.0,0.0,9.15,1.84,197790,-27.11
384,603822,嘉澳环保,环境保护,浙江,120.03,0.18,0.73,100023.11,43065.55,26160.97,24156.39,3.29,0.64,8.64,8.12,20160428,28476.43,3.88,-1.1,10.38,21.5,8.47,12908,-27.09
2716,300576,容大感光,染料涂料,深圳,108.99,0.2,0.8,32932.92,24597.1,3016.58,5514.1,0.69,0.345,3.85,13.0,20161220,10675.37,1.33,11.75,34.28,35.96,12.11,36455,-27.01
46,603903,中持股份,环境保护,北京,80.83,0.26,1.02,81299.31,44394.03,217.78,21098.67,2.06,0.456,5.64,6.54,20170314,13382.87,1.31,24.02,3.14,27.02,11.43,26734,-26.84
3093,603298,杭叉集团,专用机械,浙江,44.33,0.87,6.19,341123.97,248062.91,0.0,0.0,0.0,0.505,3.9,7.66,20161227,0.0,0.0,0.0,0.0,0.0,7.98,77892,-26.55
3055,603928,兴业股份,化工原料,江苏,50.71,0.5,2.02,74289.25,51164.34,0.0,0.0,0.0,0.417,3.89,7.24,20161212,0.0,0.0,0.0,0.0,0.0,14.35,47511,-26.46
33,603960,克来机电,专用机械,上海,79.43,0.2,0.8,38050.3,24863.05,3202.75,6440.65,0.81,0.447,3.9,9.11,20170314,9833.0,1.23,24.25,16.88,35.39,18.6,18573,-26.46
2126,601229,上海银行,银行,上海,9.88,6.0,60.04,165092416.0,0.0,390415.59,2039269.75,3.4,1.817,19.13,1.25,20161116,3215868.5,5.36,0.0,0.0,0.0,41.3,551958,-26.44
2294,603726,朗迪集团,机械基件,浙江,78.78,0.24,0.95,104188.1,64570.9,31043.68,21045.53,2.22,0.59,7.66,7.2,20160421,40032.71,4.23,0.0,0.0,27.52,9.05,15304,-26.42
3026,002828,贝肯能源,石油开采,新疆,107.27,0.29,1.17,92394.52,60252.73,0.0,0.0,0.0,0.311,5.59,7.95,20161208,0.0,0.0,0.0,0.0,22.21,10.34,55313,-25.88
2560,603038,华立股份,装修装饰,广东,47.77,0.17,0.67,71994.88,41496.85,24199.65,68.73,0.01,1.099,10.07,6.95,20170116,42778.67,6.41,0.0,0.0,35.49,18.18,15525,-25.61
3038,603358,华达科技,汽车配件,江苏,41.05,0.4,1.6,222431.52,129601.75,66183.4,41137.95,2.57,1.255,9.75,7.05,20170125,58091.18,3.63,0.0,0.0,24.3,10.85,37132,-25.56
2697,300585,奥联电子,汽车配件,江苏,92.94,0.2,0.8,35248.01,21864.56,9719.71,5280.45,0.66,0.461,3.83,14.91,20161229,10740.83,1.34,17.13,24.91,41.03,16.78,36518,-25.16
562,601997,贵阳银行,银行,贵州,11.03,5.0,22.99,32731974.0,0.0,186792.09,485419.31,2.11,1.46,8.93,1.93,20160816,940857.69,4.09,0.0,0.0,0.0,38.2,162031,-25.0
3050,300579,数字认证,软件服务,北京,230.67,0.2,0.8,40868.62,36677.76,1627.78,3349.91,0.42,0.225,3.58,19.38,20161223,10674.12,1.33,24.91,36.47,58.74,7.68,14147,-24.97
6,603133,碳元科技,元器件,江苏,50.73,0.52,2.08,68831.32,43322.55,15079.5,12598.88,0.61,0.396,3.24,6.2,20170320,18411.78,0.89,40.6,51.09,30.32,17.67,14,-24.71
663,002823,凯中精密,机械基件,深圳,71.37,0.36,1.44,109496.15,47008.43,0.0,0.0,0.0,0.617,4.69,12.5,20161124,0.0,0.0,0.0,0.0,0.0,11.3,26569,-24.63
3067,300588,熙菱信息,软件服务,新疆,195.72,0.25,1.0,56614.28,51147.35,620.26,2811.37,0.28,0.191,2.53,19.73,20170105,8074.63,0.81,0.0,0.0,20.97,5.47,12562,-24.53
13,300622,博士眼镜,其他商业,深圳,75.84,0.21,0.86,29869.85,23288.67,4237.21,9865.71,1.15,0.44,3.81,8.76,20170315,6525.46,0.76,10.72,7.06,75.74,9.08,40152,-24.24
2939,300589,江龙船艇,船舶,广东,161.12,0.22,0.87,48683.78,25470.63,0.0,0.0,0.0,0.233,2.35,21.29,20170113,0.0,0.0,51.04,72.36,19.77,7.16,39800,-24.08
2937,603037,凯众股份,汽车配件,上海,53.74,0.2,0.8,43280.25,32065.02,0.0,0.0,0.0,0.808,6.53,8.87,20170120,0.0,0.0,0.0,0.0,0.0,28.92,18508,-23.97
3122,300575,中旗股份,农药化肥,江苏,61.78,0.18,0.73,99494.96,53228.15,30453.76,12238.74,1.67,0.761,9.4,6.67,20161220,30499.8,4.16,2.32,-18.88,21.41,9.09,13808,-23.94
3140,603444,吉比特,互联网,福建,39.62,0.18,0.71,133452.05,113301.65,3485.8,676.39,0.1,6.485,16.85,20.33,20170104,81245.15,11.42,300.55,235.67,96.28,50.15,17703,-23.72
2962,603337,杰克股份,纺织机械,浙江,37.61,0.52,2.07,167661.98,89574.11,57706.01,250.07,0.01,0.773,6.12,6.34,20170119,73017.81,3.53,0.0,0.0,30.92,11.22,46203,-23.69
3017,300590,移为通信,通信设备,上海,79.67,0.2,0.8,19933.81,19129.63,189.71,169.74,0.02,0.721,2.74,27.92,20170111,8948.9,1.12,-14.37,-18.95,61.07,32.93,36564,-23.6
3076,603585,苏利股份,化工原料,江苏,42.2,0.25,1.0,121049.42,73447.21,32697.65,17487.23,1.75,1.304,8.91,8.24,20161214,37091.34,3.71,0.0,0.0,33.56,13.02,26947,-23.51
1530,300595,欧普康视,医疗保健,安徽,71.11,0.17,0.68,35750.15,27110.76,3185.86,6352.43,0.93,2.24,6.11,19.52,20170117,17146.46,2.52,33.35,28.56,74.08,48.52,10469,-23.51
3105,002838,道恩股份,塑料,山东,71.67,0.21,0.84,67476.68,40767.73,13757.82,9038.25,1.08,0.732,7.19,9.72,20170106,27768.75,3.31,19.03,48.28,25.35,11.32,9994,-23.44
3135,603639,海利尔,农药化肥,山东,38.12,0.3,1.2,96895.55,58693.55,17550.51,8883.05,0.74,1.152,7.43,7.89,20170112,45427.34,3.79,1.09,13.13,35.79,16.0,32221,-23.43
2596,603816,顾家家居,家居用品,浙江,36.61,0.83,4.13,521964.09,378541.16,105852.32,198197.63,4.8,1.67,8.33,6.12,20161014,81774.56,1.98,30.11,15.4,40.44,11.99,38514,-23.37
1760,603868,飞科电器,家用电器,上海,37.11,0.44,4.36,251667.77,178115.13,43988.78,68734.88,1.58,1.01,4.17,11.44,20160418,56438.71,1.3,0.0,0.0,38.5,18.05,25553,-22.49
3005,002847,盐津铺子,食品,湖南,78.17,0.31,1.24,57583.73,22546.11,28614.84,7108.93,0.57,0.92,3.28,16.48,20170208,12448.92,1.0,17.09,30.89,49.19,12.53,53384,-22.1
23,002819,东方中科,电器仪表,北京,189.0,0.28,1.13,37448.25,32769.46,4417.0,4937.33,0.44,0.202,3.67,13.92,20161111,16137.75,1.42,0.0,0.0,13.79,4.84,49910,-22.1
25,603656,泰禾光电,专用机械,安徽,46.14,0.19,0.76,50246.01,35605.1,11964.15,4719.93,0.62,1.101,6.77,7.51,20170321,24699.45,3.25,19.52,11.36,52.65,22.57,17687,-22.04
335,300567,精测电子,电器仪表,湖北,111.14,0.2,0.8,52411.3,46219.73,2577.2,1836.0,0.23,0.626,4.95,18.72,20161122,19880.13,2.49,0.0,0.0,50.58,14.68,8447,-21.82
2,603178,N圣龙,汽车配件,浙江,26.79,0.5,2.0,152049.06,60084.26,55250.7,1732.39,0.09,0.405,2.72,3.98,20170328,21428.82,1.07,12.33,17.81,23.24,6.46,49497,-21.74
19,603138,海量数据,软件服务,北京,124.45,0.21,0.82,40168.92,33864.15,1368.15,982.8,0.12,0.532,2.7,24.53,20170306,8232.1,1.0,20.22,20.58,20.52,9.27,20596,-21.37
3061,603266,天龙股份,塑料,浙江,57.38,0.25,1.0,68048.63,46028.76,15840.17,4256.5,0.43,0.614,5.49,8.56,20170110,27635.02,2.76,15.93,43.05,29.97,10.67,25599,-21.2
3016,603416,信捷电气,电气设备,江苏,71.03,0.25,1.0,47691.9,37858.3,0.0,0.0,0.0,0.641,5.08,11.96,20161221,0.0,0.0,12.66,15.55,0.0,26.15,27130,-21.05
376,603323,吴江银行,银行,江苏,26.45,1.12,11.14,7785579.0,0.0,107203.9,100000.0,0.9,0.505,7.02,2.54,20161129,91281.2,0.82,0.0,0.0,0.0,32.42,105611,-20.91
21,603040,新坐标,机械基件,浙江,120.08,0.15,0.6,28087.99,11315.2,12260.94,3541.83,0.59,0.556,5.72,15.56,20170209,15812.85,2.64,0.0,0.0,65.3,33.22,15006,-20.15
32,300628,亿联网络,通信设备,福建,42.98,0.19,0.75,90742.28,80902.3,1444.17,2480.91,0.33,5.79,14.37,17.32,20170317,69563.43,9.32,39.56,74.59,63.13,46.8,34252,-20.11
44,002856,美芝股份,装修装饰,深圳,57.59,0.25,1.01,109391.71,105008.36,757.1,6482.72,0.64,0.514,4.48,6.61,20170320,17707.4,1.75,-10.61,11.71,15.15,5.49,46989,-20.01
2850,002829,星网宇达,通信设备,北京,99.64,0.19,0.76,87689.06,61432.13,21217.64,34711.35,4.57,1.29,9.29,10.35,20161213,26418.15,3.48,16.99,9.9,50.48,26.43,13094,-19.96
1836,601881,中国银河,证券,北京,31.19,6.0,101.37,24091738.0,0.0,0.0,0.0,0.0,0.35,5.95,2.45,20170123,0.0,0.0,-49.53,-52.09,0.0,36.46,476376,-19.54
207,601375,中原证券,证券,河南,70.98,7.0,39.24,4080920.0,0.0,0.0,0.0,0.0,0.14,2.49,5.33,20170103,0.0,0.0,-49.48,-56.24,0.0,34.57,602819,-19.43
309,002841,视源股份,元器件,广东,50.53,0.41,4.04,296005.66,242496.16,37068.73,0.0,0.0,1.474,3.02,32.86,20170119,69888.52,1.73,0.0,0.0,20.9,9.82,25449,-19.28
4,002774,快意电梯,运输设备,广东,36.21,0.84,3.35,89784.06,67999.3,13283.05,1699.9,0.05,0.294,1.83,5.82,20170324,13847.5,0.41,4.68,49.25,37.84,12.56,142948,-19.0
27,300626,华瑞股份,电气设备,浙江,48.45,0.25,1.0,79888.31,47178.48,23902.28,8107.97,0.81,0.395,3.65,5.24,20170320,11470.96,1.15,1.68,75.11,20.82,5.75,49456,-18.8
268,603239,浙江仙通,汽车配件,浙江,84.72,0.23,0.9,56566.51,30793.58,0.0,0.0,0.0,0.887,5.3,18.91,20161230,0.0,0.0,29.14,41.42,45.29,21.44,8271,-18.75
3046,002831,裕同科技,广告包装,深圳,40.42,0.4,4.0,525620.19,314531.28,122138.07,0.21,0.0,1.377,7.08,10.48,20161216,208163.94,5.2,20.25,23.22,33.49,15.34,29441,-18.72
1568,300568,星源材质,化工原料,深圳,64.01,0.3,1.2,187609.56,107099.72,47395.85,80850.77,6.74,1.68,10.28,8.07,20161201,25466.35,2.12,18.97,31.34,60.6,30.73,18985,-18.63
3004,603228,景旺电子,元器件,深圳,38.07,0.48,4.08,317009.59,194374.45,110117.42,3928.62,0.1,1.004,4.66,10.93,20170106,122314.7,3.0,22.78,26.67,31.89,17.07,43122,-18.18
2214,300607,拓斯达,专用机械,广东,103.83,0.18,0.72,54751.26,0.0,0.0,0.0,0.0,0.649,5.63,15.94,20170209,0.0,0.0,0.0,0.0,0.0,18.41,33272,-18.07
10,300631,久吾高科,环境保护,江苏,34.18,0.16,0.64,57826.46,42571.4,11932.55,162.5,0.03,0.671,8.16,2.81,20170323,31856.83,4.97,5.09,-14.37,42.92,17.51,29753,-18.06
3091,002843,泰嘉股份,钢加工,湖南,137.79,0.35,1.4,45768.3,21018.17,21532.0,3406.09,0.24,0.205,3.72,10.14,20170120,21476.49,1.53,0.0,0.0,39.48,15.57,64884,-17.25
3073,603637,镇海股份,建筑施工,浙江,74.33,0.26,1.02,53595.83,42537.15,6397.76,2942.37,0.29,0.475,4.84,9.73,20170208,18877.56,1.85,0.0,0.0,30.37,19.82,25801,-17.07
1,603833,N欧派,家居用品,广东,31.53,0.42,4.15,554842.75,219891.17,154291.38,65022.61,1.57,2.288,7.72,9.35,20170328,173348.88,4.18,27.23,94.39,36.55,13.31,39144,-16.87
2684,603389,亚振家居,家居用品,江苏,144.1,0.55,2.19,60124.23,39283.35,12430.91,4661.16,0.21,0.191,2.6,14.09,20161215,20086.35,0.92,0.0,0.0,58.99,11.17,51084,-16.29
15,603811,诚意药业,化学制药,浙江,66.89,0.21,0.85,36427.35,18099.63,11821.82,12287.0,1.44,0.8,4.38,12.21,20170315,6879.92,0.81,1.35,18.13,51.11,21.22,23201,-15.75
832,603859,能科股份,软件服务,北京,223.16,0.28,1.14,80474.81,71628.43,3835.38,28239.8,2.49,0.47,5.7,14.61,20161021,22468.57,1.98,3.33,9.51,49.86,18.55,13919,-15.58
0,300630,N普利,化学制药,海南,28.96,0.31,1.22,43972.15,17459.27,9017.96,10207.42,0.84,0.571,3.35,4.94,20170328,9244.87,0.76,22.28,37.62,76.75,28.14,55221,-14.71
2938,603579,荣泰健康,医疗保健,上海,49.53,0.18,0.7,108015.01,79340.77,13627.44,8505.99,1.22,3.94,8.6,17.01,20170111,28741.8,4.11,25.5,44.81,38.16,16.08,16236,-14.38
1664,002846,英联股份,广告包装,广东,102.37,0.3,1.2,39006.37,19542.35,14750.75,6129.35,0.51,0.462,3.18,14.88,20170207,11789.75,0.98,15.42,22.76,30.25,16.32,21776,-14.31
43,300627,华测导航,通信设备,上海,34.58,0.3,1.19,50236.1,44568.78,1471.15,7094.58,0.6,0.857,3.44,8.62,20170321,12881.53,1.08,33.14,93.07,55.15,21.18,54911,-14.01
703,002821,凯莱英,生物制药,天津,66.64,0.23,1.13,155990.27,80530.0,49337.9,35648.09,3.16,1.671,12.45,11.93,20161118,58084.82,5.15,0.0,0.0,53.8,24.0,19379,-13.67
2877,300571,平治信息,互联网,浙江,114.6,0.1,0.4,21942.17,18649.95,118.8,1189.55,0.3,0.889,4.97,27.32,20161213,9950.62,2.49,0.0,0.0,25.23,12.04,18553,-13.56
438,603429,集友股份,广告包装,安徽,135.52,0.17,0.68,30067.35,13154.02,14096.02,5862.21,0.86,0.49,3.6,24.62,20170124,7345.81,1.08,0.0,0.0,51.35,26.29,15758,-13.04
852,601128,常熟银行,银行,江苏,26.6,2.22,22.23,12551607.0,0.0,82973.1,69600.2,0.31,0.39,4.39,2.81,20160930,200559.3,0.9,0.0,0.0,0.0,23.85,182983,-12.82
52,603628,清源股份,电气设备,福建,181.24,0.68,2.74,117525.67,97856.28,13912.67,11301.3,0.41,0.178,2.6,16.52,20170112,20116.61,0.73,0.0,0.0,27.51,9.38,68468,-11.97
2967,603032,德新交运,公路,新疆,84.97,0.33,1.33,34404.12,25663.67,4976.48,1657.23,0.12,0.318,2.53,14.27,20170105,11475.32,0.86,-21.63,20.19,34.21,21.18,30496,-11.79
1041,603559,中通国脉,通信设备,吉林,179.82,0.22,0.88,56475.13,48641.28,4672.75,5630.26,0.64,0.248,4.6,12.92,20161202,14053.52,1.6,20.27,37.53,18.45,8.24,23814,-11.65
2980,002833,弘亚数控,专用机械,广东,46.47,0.33,1.33,46296.12,17007.1,22125.15,357.63,0.03,0.9,3.66,15.25,20161228,21249.15,1.59,38.32,74.66,40.15,30.65,58133,-10.97
1160,300526,中潜股份,专用机械,广东,294.7,0.21,0.85,74429.15,33867.21,8410.71,17009.09,2.0,0.34,5.64,18.99,20160802,19958.78,2.35,0.0,0.0,30.01,8.72,14092,-10.31
127,603626,科森科技,专用机械,江苏,72.86,0.53,2.11,129728.51,67467.31,47198.9,522.72,0.02,0.594,3.43,16.8,20170209,35369.07,1.68,0.0,0.0,31.23,13.86,54284,-10.17
2833,002832,比音勒芬,服饰,广东,48.43,0.27,1.07,82351.45,73079.35,323.55,3352.95,0.31,0.986,7.9,8.06,20161223,47741.76,4.48,0.0,0.0,62.69,17.36,47904,-9.75
3065,300577,开润股份,纺织,安徽,64.92,0.17,0.67,46515.8,34249.23,10867.58,5742.66,0.86,0.962,4.35,19.14,20161221,9938.2,1.49,66.52,42.54,28.16,11.54,30642,-8.56
3098,300612,宣亚国际,广告包装,北京,179.51,0.18,0.72,25120.46,22781.68,780.1,2129.62,0.3,0.384,2.93,31.42,20170215,7384.65,1.03,0.0,0.0,44.56,9.43,32979,-4.03
1046,603345,安井食品,食品,福建,56.71,0.54,2.16,217787.8,102998.75,93164.65,10929.17,0.51,0.589,5.89,7.57,20170222,64426.6,2.98,0.0,0.0,26.94,6.09,47707,-2.58
628,600908,无锡银行,银行,江苏,26.34,1.85,18.48,11931127.0,0.0,93544.71,97490.21,0.53,0.42,4.72,2.81,20160923,85009.95,0.46,0.0,0.0,0.0,36.68,153199,-0.76
57,002807,江阴银行,银行,江苏,49.44,2.09,17.67,10408489.0,0.0,56869.3,71443.8,0.4,0.48,4.95,4.39,20160902,249814.09,1.41,-1.39,-4.49,0.0,31.5,40421,-0.52
28,002858,力盛赛车,文教休闲,上海,35.94,0.16,0.63,27191.9,17527.09,5828.14,5264.85,0.83,0.517,4.7,3.95,20170324,11122.82,1.76,9.67,32.23,33.33,13.56,29413,0.0
14,002857,三晖电气,电器仪表,河南,39.26,0.2,0.8,32269.19,28367.94,987.67,604.82,0.08,0.501,3.84,5.13,20170323,14541.25,1.82,-4.28,4.0,46.98,19.96,36974,0.0
35,300629,新劲刚,矿物制品,广东,35.85,0.17,0.67,39283.85,27371.24,9031.75,5031.68,0.75,0.402,4.23,3.41,20170324,10057.5,1.51,0.59,21.76,31.63,10.95,30744,0.0
